NEIGHBORHOOD,LONGITUDE,LATITUDE
La Seu,-0.373611,39.4805
La Seu,-0.374036,39.47998
La Seu,-0.374526,39.47938
La Seu,-0.374808,39.47902
La Seu,-0.374887,39.47897
La Seu,-0.376133,39.47896
La Seu,-0.37686,39.4774
La Seu,-0.376889,39.47732
La Seu,-0.376875,39.47661
La Seu,-0.378275,39.47665
La Seu,-0.378982,39.47657
La Seu,-0.379086,39.47656
La Seu,-0.379156,39.47655
La Seu,-0.37915,39.47622
La Seu,-0.379189,39.47594
La Seu,-0.379298,39.47563
La Seu,-0.379284,39.4756
La Seu,-0.379124,39.47561
La Seu,-0.378781,39.4756
La Seu,-0.378583,39.47564
La Seu,-0.378461,39.47566
La Seu,-0.378282,39.47569
La Seu,-0.378108,39.47565
La Seu,-0.377892,39.47561
La Seu,-0.377715,39.47556
La Seu,-0.377667,39.47537
La Seu,-0.376867,39.47536
La Seu,-0.376928,39.47502
La Seu,-0.377047,39.47438
La Seu,-0.376819,39.47421
La Seu,-0.376723,39.47399
La Seu,-0.376711,39.47391
La Seu,-0.375627,39.47379
La Seu,-0.375623,39.47379
La Seu,-0.374818,39.47364
La Seu,-0.374242,39.47354
La Seu,-0.374186,39.47354
La Seu,-0.374202,39.47391
La Seu,-0.374553,39.47401
La Seu,-0.374382,39.47435
La Seu,-0.374271,39.47446
La Seu,-0.374243,39.47452
La Seu,-0.374193,39.47472
La Seu,-0.37414,39.47485
La Seu,-0.373813,39.47539
La Seu,-0.373674,39.47536
La Seu,-0.373573,39.47549
La Seu,-0.37354,39.47561
La Seu,-0.37346,39.47589
La Seu,-0.373444,39.47631
La Seu,-0.373237,39.47628
La Seu,-0.373124,39.47663
La Seu,-0.372963,39.47682
La Seu,-0.372923,39.47694
La Seu,-0.371627,39.47675
La Seu,-0.371249,39.4771
La Seu,-0.370837,39.47777
La Seu,-0.370406,39.47848
La Seu,-0.371316,39.4789
La Seu,-0.372102,39.47971
La Seu,-0.372747,39.48
La Seu,-0.37318,39.48024
La Seu,-0.373524,39.48043
La Seu,-0.373611,39.4805
Sant Francesc,-0.379736,39.47199
Sant Francesc,-0.37971,39.47125
Sant Francesc,-0.380649,39.47099
Sant Francesc,-0.381237,39.47087
Sant Francesc,-0.382049,39.47094
Sant Francesc,-0.382712,39.47093
Sant Francesc,-0.38361,39.47064
Sant Francesc,-0.383432,39.47036
Sant Francesc,-0.383407,39.47035
Sant Francesc,-0.382377,39.46959
Sant Francesc,-0.381346,39.46879
Sant Francesc,-0.380574,39.46851
Sant Francesc,-0.379966,39.46827
Sant Francesc,-0.378526,39.46791
Sant Francesc,-0.376967,39.46755
Sant Francesc,-0.375592,39.46721
Sant Francesc,-0.374937,39.46716
Sant Francesc,-0.374915,39.46716
Sant Francesc,-0.374911,39.46715
Sant Francesc,-0.374827,39.46715
Sant Francesc,-0.374272,39.46753
Sant Francesc,-0.373777,39.46789
Sant Francesc,-0.372755,39.46862
Sant Francesc,-0.371901,39.46923
Sant Francesc,-0.371284,39.46971
Sant Francesc,-0.370478,39.47033
Sant Francesc,-0.369786,39.47088
Sant Francesc,-0.369449,39.47125
Sant Francesc,-0.368967,39.47179
Sant Francesc,-0.368964,39.47184
Sant Francesc,-0.369141,39.472
Sant Francesc,-0.369942,39.47228
Sant Francesc,-0.370151,39.47269
Sant Francesc,-0.370744,39.47283
Sant Francesc,-0.370897,39.47224
Sant Francesc,-0.371622,39.47235
Sant Francesc,-0.371833,39.47147
Sant Francesc,-0.372508,39.47151
Sant Francesc,-0.373768,39.47186
Sant Francesc,-0.374231,39.4719
Sant Francesc,-0.374385,39.47194
Sant Francesc,-0.374645,39.47185
Sant Francesc,-0.375116,39.47151
Sant Francesc,-0.375308,39.47136
Sant Francesc,-0.375561,39.4721
Sant Francesc,-0.375561,39.47228
Sant Francesc,-0.37552,39.47258
Sant Francesc,-0.375427,39.47272
Sant Francesc,-0.375324,39.47287
Sant Francesc,-0.375239,39.47301
Sant Francesc,-0.374761,39.47285
Sant Francesc,-0.374446,39.47274
Sant Francesc,-0.374368,39.47293
Sant Francesc,-0.374268,39.47315
Sant Francesc,-0.374244,39.47354
Sant Francesc,-0.374816,39.47364
Sant Francesc,-0.375457,39.47376
Sant Francesc,-0.375623,39.47379
Sant Francesc,-0.375627,39.47379
Sant Francesc,-0.376585,39.47254
Sant Francesc,-0.377535,39.4713
Sant Francesc,-0.377793,39.47096
Sant Francesc,-0.378465,39.47142
Sant Francesc,-0.378894,39.47162
Sant Francesc,-0.379214,39.47187
Sant Francesc,-0.379653,39.47198
Sant Francesc,-0.379736,39.47199
Jaume Roig,-0.36636,39.47941
Jaume Roig,-0.365925,39.47929
Jaume Roig,-0.365156,39.47906
Jaume Roig,-0.364471,39.48041
Jaume Roig,-0.363001,39.47997
Jaume Roig,-0.361244,39.47944
Jaume Roig,-0.360717,39.48054
Jaume Roig,-0.360062,39.481
Jaume Roig,-0.359897,39.48112
Jaume Roig,-0.359504,39.48141
Jaume Roig,-0.360379,39.48204
Jaume Roig,-0.36115,39.48259
Jaume Roig,-0.362818,39.48377
Jaume Roig,-0.362333,39.48481
Jaume Roig,-0.362749,39.48491
Jaume Roig,-0.363584,39.48513
Jaume Roig,-0.363628,39.48506
Jaume Roig,-0.363735,39.48484
Jaume Roig,-0.36405,39.48421
Jaume Roig,-0.364417,39.48348
Jaume Roig,-0.364614,39.48309
Jaume Roig,-0.36523,39.48176
Jaume Roig,-0.365616,39.48095
Jaume Roig,-0.36636,39.47941
La Roqueta,-0.384185,39.46927
La Roqueta,-0.384038,39.46905
La Roqueta,-0.383303,39.468
La Roqueta,-0.382562,39.46694
La Roqueta,-0.381836,39.46589
La Roqueta,-0.381189,39.46496
La Roqueta,-0.380579,39.46399
La Roqueta,-0.380121,39.46348
La Roqueta,-0.379607,39.46326
La Roqueta,-0.378445,39.46317
La Roqueta,-0.378017,39.46454
La Roqueta,-0.377164,39.46695
La Roqueta,-0.376959,39.46755
La Roqueta,-0.378496,39.4679
La Roqueta,-0.379968,39.46827
La Roqueta,-0.380558,39.4685
La Roqueta,-0.381346,39.46879
La Roqueta,-0.382061,39.46934
La Roqueta,-0.382357,39.46957
La Roqueta,-0.382632,39.46978
La Roqueta,-0.383407,39.47035
La Roqueta,-0.383419,39.47033
La Roqueta,-0.383579,39.47013
La Roqueta,-0.383822,39.46977
La Roqueta,-0.384017,39.46949
La Roqueta,-0.38407,39.46941
La Roqueta,-0.38415,39.46931
La Roqueta,-0.384185,39.46927
Les Tendetes,-0.382675,39.4823
Les Tendetes,-0.381978,39.4826
Les Tendetes,-0.382084,39.48291
Les Tendetes,-0.383137,39.48365
Les Tendetes,-0.383738,39.48406
Les Tendetes,-0.385177,39.48505
Les Tendetes,-0.385636,39.48537
Les Tendetes,-0.386359,39.48591
Les Tendetes,-0.387037,39.48645
Les Tendetes,-0.387213,39.48637
Les Tendetes,-0.387982,39.48606
Les Tendetes,-0.388179,39.48603
Les Tendetes,-0.388244,39.48562
Les Tendetes,-0.38824,39.48538
Les Tendetes,-0.388867,39.48511
Les Tendetes,-0.38799,39.48389
Les Tendetes,-0.388605,39.48361
Les Tendetes,-0.388813,39.48339
Les Tendetes,-0.387349,39.48132
Les Tendetes,-0.386777,39.48052
Les Tendetes,-0.386448,39.48067
Les Tendetes,-0.385526,39.48107
Les Tendetes,-0.384404,39.48157
Les Tendetes,-0.383963,39.48177
Les Tendetes,-0.383771,39.48185
Les Tendetes,-0.382675,39.4823
Marxalenes,-0.380438,39.483
Marxalenes,-0.378967,39.4829
Marxalenes,-0.378803,39.48422
Marxalenes,-0.378627,39.48528
Marxalenes,-0.378522,39.4856
Marxalenes,-0.378089,39.48631
Marxalenes,-0.378226,39.48633
Marxalenes,-0.378774,39.48638
Marxalenes,-0.378966,39.48645
Marxalenes,-0.37943,39.48768
Marxalenes,-0.380897,39.4874
Marxalenes,-0.381563,39.48728
Marxalenes,-0.383477,39.4882
Marxalenes,-0.383744,39.48832
Marxalenes,-0.383958,39.48842
Marxalenes,-0.385538,39.48913
Marxalenes,-0.385739,39.48921
Marxalenes,-0.385916,39.48928
Marxalenes,-0.386175,39.48938
Marxalenes,-0.387067,39.48918
Marxalenes,-0.388704,39.48881
Marxalenes,-0.38945,39.48864
Marxalenes,-0.389523,39.48863
Marxalenes,-0.388157,39.48735
Marxalenes,-0.388006,39.48723
Marxalenes,-0.387037,39.48645
Marxalenes,-0.386321,39.48589
Marxalenes,-0.385654,39.48539
Marxalenes,-0.385271,39.48512
Marxalenes,-0.384508,39.48459
Marxalenes,-0.383208,39.4837
Marxalenes,-0.382084,39.48291
Marxalenes,-0.381978,39.4826
Marxalenes,-0.380438,39.483
Nou Moles,-0.396267,39.47562
Nou Moles,-0.396878,39.47647
Nou Moles,-0.397349,39.47625
Nou Moles,-0.39795,39.47604
Nou Moles,-0.399436,39.47572
Nou Moles,-0.403244,39.47511
Nou Moles,-0.405241,39.47474
Nou Moles,-0.405909,39.47439
Nou Moles,-0.405602,39.47313
Nou Moles,-0.405467,39.47217
Nou Moles,-0.405243,39.47109
Nou Moles,-0.405339,39.47047
Nou Moles,-0.405687,39.46979
Nou Moles,-0.405034,39.46965
Nou Moles,-0.402685,39.46932
Nou Moles,-0.399788,39.46877
Nou Moles,-0.398127,39.46847
Nou Moles,-0.396003,39.46807
Nou Moles,-0.395493,39.46796
Nou Moles,-0.394388,39.46776
Nou Moles,-0.393449,39.46759
Nou Moles,-0.392588,39.46744
Nou Moles,-0.390068,39.46703
Nou Moles,-0.390765,39.46797
Nou Moles,-0.391546,39.46905
Nou Moles,-0.392531,39.47041
Nou Moles,-0.393343,39.47154
Nou Moles,-0.395128,39.47403
Nou Moles,-0.395769,39.47494
Nou Moles,-0.396267,39.47562
Russafa,-0.376959,39.46755
Russafa,-0.377793,39.46515
Russafa,-0.378445,39.46317
Russafa,-0.378922,39.46175
Russafa,-0.379359,39.46044
Russafa,-0.380044,39.45849
Russafa,-0.380608,39.45683
Russafa,-0.380673,39.45659
Russafa,-0.380843,39.45578
Russafa,-0.380881,39.45534
Russafa,-0.379608,39.45533
Russafa,-0.377679,39.45611
Russafa,-0.375794,39.4569
Russafa,-0.375436,39.45707
Russafa,-0.374239,39.45758
Russafa,-0.37037,39.45924
Russafa,-0.369157,39.45975
Russafa,-0.367094,39.46063
Russafa,-0.366322,39.46096
Russafa,-0.36445,39.46175
Russafa,-0.363226,39.46226
Russafa,-0.362531,39.46254
Russafa,-0.36503,39.46308
Russafa,-0.368364,39.46381
Russafa,-0.370965,39.46439
Russafa,-0.373091,39.46485
Russafa,-0.373916,39.46507
Russafa,-0.374223,39.46569
Russafa,-0.374915,39.46716
Russafa,-0.375591,39.46721
Russafa,-0.376421,39.46742
Russafa,-0.376959,39.46755
El Cabanyal-El Canyamelar,-0.33049,39.46288
El Cabanyal-El Canyamelar,-0.3296,39.46279
El Cabanyal-El Canyamelar,-0.329269,39.46285
El Cabanyal-El Canyamelar,-0.328516,39.46299
El Cabanyal-El Canyamelar,-0.328251,39.46304
El Cabanyal-El Canyamelar,-0.327923,39.46308
El Cabanyal-El Canyamelar,-0.326976,39.46316
El Cabanyal-El Canyamelar,-0.326054,39.46316
El Cabanyal-El Canyamelar,-0.325447,39.46316
El Cabanyal-El Canyamelar,-0.323675,39.46308
El Cabanyal-El Canyamelar,-0.321822,39.46302
El Cabanyal-El Canyamelar,-0.319519,39.46298
El Cabanyal-El Canyamelar,-0.319672,39.46373
El Cabanyal-El Canyamelar,-0.320264,39.46524
El Cabanyal-El Canyamelar,-0.321145,39.46778
El Cabanyal-El Canyamelar,-0.321669,39.46948
El Cabanyal-El Canyamelar,-0.321953,39.47082
El Cabanyal-El Canyamelar,-0.322139,39.47197
El Cabanyal-El Canyamelar,-0.32256,39.47466
El Cabanyal-El Canyamelar,-0.323699,39.47462
El Cabanyal-El Canyamelar,-0.325411,39.47453
El Cabanyal-El Canyamelar,-0.326046,39.4746
El Cabanyal-El Canyamelar,-0.327595,39.47472
El Cabanyal-El Canyamelar,-0.329034,39.47509
El Cabanyal-El Canyamelar,-0.330457,39.47553
El Cabanyal-El Canyamelar,-0.331428,39.47582
El Cabanyal-El Canyamelar,-0.333398,39.47637
El Cabanyal-El Canyamelar,-0.333456,39.47608
El Cabanyal-El Canyamelar,-0.33354,39.47564
El Cabanyal-El Canyamelar,-0.333805,39.47431
El Cabanyal-El Canyamelar,-0.3341,39.4728
El Cabanyal-El Canyamelar,-0.334426,39.47114
El Cabanyal-El Canyamelar,-0.33475,39.46959
El Cabanyal-El Canyamelar,-0.334876,39.4685
El Cabanyal-El Canyamelar,-0.334954,39.46805
El Cabanyal-El Canyamelar,-0.335019,39.46767
El Cabanyal-El Canyamelar,-0.335092,39.46723
El Cabanyal-El Canyamelar,-0.33518,39.46692
El Cabanyal-El Canyamelar,-0.335234,39.46668
El Cabanyal-El Canyamelar,-0.335384,39.46597
El Cabanyal-El Canyamelar,-0.335509,39.46565
El Cabanyal-El Canyamelar,-0.335767,39.46506
El Cabanyal-El Canyamelar,-0.335936,39.46469
El Cabanyal-El Canyamelar,-0.336385,39.46399
El Cabanyal-El Canyamelar,-0.336641,39.46368
El Cabanyal-El Canyamelar,-0.336452,39.46362
El Cabanyal-El Canyamelar,-0.335799,39.4635
El Cabanyal-El Canyamelar,-0.335258,39.46342
El Cabanyal-El Canyamelar,-0.334291,39.46329
El Cabanyal-El Canyamelar,-0.333724,39.46322
El Cabanyal-El Canyamelar,-0.333437,39.46319
El Cabanyal-El Canyamelar,-0.333104,39.46316
El Cabanyal-El Canyamelar,-0.332516,39.46306
El Cabanyal-El Canyamelar,-0.331678,39.46296
El Cabanyal-El Canyamelar,-0.331088,39.46291
El Cabanyal-El Canyamelar,-0.33049,39.46288
La Llum,-0.415437,39.46767
La Llum,-0.414988,39.46694
La Llum,-0.414013,39.46665
La Llum,-0.412544,39.46675
La Llum,-0.411541,39.46653
La Llum,-0.411969,39.46591
La Llum,-0.40999,39.46605
La Llum,-0.410093,39.46713
La Llum,-0.410504,39.46972
La Llum,-0.413371,39.46952
La Llum,-0.414054,39.46947
La Llum,-0.414494,39.46943
La Llum,-0.415397,39.46935
La Llum,-0.41726,39.46918
La Llum,-0.418045,39.46912
La Llum,-0.417625,39.46861
La Llum,-0.415437,39.46767
Beteró,-0.333456,39.47607
Beteró,-0.335556,39.47669
Beteró,-0.335866,39.4761
Beteró,-0.336123,39.47554
Beteró,-0.336581,39.4746
Beteró,-0.337004,39.47373
Beteró,-0.337438,39.4729
Beteró,-0.337421,39.47252
Beteró,-0.33791,39.47155
Beteró,-0.338277,39.47082
Beteró,-0.33886,39.47101
Beteró,-0.339142,39.47041
Beteró,-0.339865,39.46898
Beteró,-0.33934,39.46881
Beteró,-0.338738,39.46862
Beteró,-0.338616,39.46883
Beteró,-0.337431,39.4687
Beteró,-0.334876,39.4685
Beteró,-0.33475,39.46959
Beteró,-0.33448,39.47087
Beteró,-0.334313,39.4717
Beteró,-0.334218,39.47221
Beteró,-0.334075,39.47293
Beteró,-0.333807,39.4743
Beteró,-0.333688,39.47488
Beteró,-0.333545,39.47562
Beteró,-0.333456,39.47607
Barrio de Favara,-0.390337,39.45647
Barrio de Favara,-0.390415,39.45647
Barrio de Favara,-0.390578,39.45646
Barrio de Favara,-0.391029,39.45645
Barrio de Favara,-0.391618,39.45643
Barrio de Favara,-0.394768,39.45625
Barrio de Favara,-0.395785,39.45609
Barrio de Favara,-0.396313,39.45589
Barrio de Favara,-0.396939,39.45557
Barrio de Favara,-0.397244,39.45544
Barrio de Favara,-0.398314,39.45463
Barrio de Favara,-0.397385,39.45403
Barrio de Favara,-0.398394,39.45252
Barrio de Favara,-0.397176,39.45155
Barrio de Favara,-0.395516,39.45026
Barrio de Favara,-0.394873,39.44976
Barrio de Favara,-0.394134,39.4508
Barrio de Favara,-0.393145,39.45224
Barrio de Favara,-0.391138,39.45526
Barrio de Favara,-0.390337,39.45647
Albors,-0.352428,39.47093
Albors,-0.352568,39.47096
Albors,-0.352792,39.47103
Albors,-0.353199,39.47116
Albors,-0.353637,39.47129
Albors,-0.354398,39.47152
Albors,-0.354867,39.4706
Albors,-0.355439,39.46949
Albors,-0.355837,39.46872
Albors,-0.356614,39.46702
Albors,-0.3562,39.46689
Albors,-0.354324,39.46635
Albors,-0.352146,39.46576
Albors,-0.351294,39.46552
Albors,-0.351061,39.46609
Albors,-0.350382,39.46777
Albors,-0.349865,39.46905
Albors,-0.348814,39.46876
Albors,-0.348382,39.46973
Albors,-0.349479,39.47005
Albors,-0.350355,39.47031
Albors,-0.350766,39.47043
Albors,-0.351599,39.47069
Albors,-0.352428,39.47093
Els Orriols,-0.368486,39.49137
Els Orriols,-0.369151,39.49184
Els Orriols,-0.368443,39.49241
Els Orriols,-0.368021,39.49276
Els Orriols,-0.367242,39.49335
Els Orriols,-0.368,39.49391
Els Orriols,-0.368652,39.49435
Els Orriols,-0.36736,39.49553
Els Orriols,-0.366697,39.495
Els Orriols,-0.366546,39.49499
Els Orriols,-0.366258,39.4952
Els Orriols,-0.368182,39.49665
Els Orriols,-0.36756,39.49728
Els Orriols,-0.369215,39.49778
Els Orriols,-0.368325,39.49987
Els Orriols,-0.369104,39.50005
Els Orriols,-0.36973,39.5002
Els Orriols,-0.369619,39.50047
Els Orriols,-0.369284,39.50109
Els Orriols,-0.368584,39.50185
Els Orriols,-0.368249,39.50183
Els Orriols,-0.367701,39.50332
Els Orriols,-0.367344,39.50341
Els Orriols,-0.36688,39.50411
Els Orriols,-0.367352,39.50431
Els Orriols,-0.36776,39.50442
Els Orriols,-0.367943,39.50408
Els Orriols,-0.368424,39.5028
Els Orriols,-0.368843,39.50183
Els Orriols,-0.369484,39.50099
Els Orriols,-0.369802,39.50057
Els Orriols,-0.369833,39.50047
Els Orriols,-0.370474,39.50062
Els Orriols,-0.370686,39.49994
Els Orriols,-0.370651,39.49926
Els Orriols,-0.371068,39.49864
Els Orriols,-0.371844,39.49703
Els Orriols,-0.370788,39.49679
Els Orriols,-0.371013,39.49632
Els Orriols,-0.370234,39.49602
Els Orriols,-0.371051,39.49492
Els Orriols,-0.371564,39.4952
Els Orriols,-0.371973,39.49464
Els Orriols,-0.372414,39.49429
Els Orriols,-0.372572,39.49424
Els Orriols,-0.372719,39.49412
Els Orriols,-0.372894,39.49382
Els Orriols,-0.373218,39.49328
Els Orriols,-0.37374,39.4924
Els Orriols,-0.374001,39.49197
Els Orriols,-0.373636,39.49189
Els Orriols,-0.371737,39.49045
Els Orriols,-0.371128,39.48998
Els Orriols,-0.370225,39.48932
Els Orriols,-0.368402,39.48797
Els Orriols,-0.367149,39.48867
Els Orriols,-0.369094,39.49015
Els Orriols,-0.368908,39.49032
Els Orriols,-0.368058,39.49105
Els Orriols,-0.368486,39.49137
Mont-Olivet,-0.363276,39.45666
Mont-Olivet,-0.362828,39.45685
Mont-Olivet,-0.362304,39.45707
Mont-Olivet,-0.362011,39.45719
Mont-Olivet,-0.361409,39.45743
Mont-Olivet,-0.360162,39.458
Mont-Olivet,-0.359252,39.45837
Mont-Olivet,-0.358184,39.45882
Mont-Olivet,-0.357205,39.45937
Mont-Olivet,-0.356754,39.4596
Mont-Olivet,-0.357912,39.46004
Mont-Olivet,-0.358008,39.46014
Mont-Olivet,-0.358113,39.46027
Mont-Olivet,-0.358433,39.46069
Mont-Olivet,-0.358547,39.46083
Mont-Olivet,-0.358956,39.46135
Mont-Olivet,-0.359368,39.46187
Mont-Olivet,-0.359713,39.46233
Mont-Olivet,-0.359839,39.46273
Mont-Olivet,-0.359937,39.46307
Mont-Olivet,-0.360016,39.46334
Mont-Olivet,-0.360944,39.46319
Mont-Olivet,-0.362527,39.46255
Mont-Olivet,-0.364107,39.46189
Mont-Olivet,-0.365607,39.46126
Mont-Olivet,-0.36931,39.45968
Mont-Olivet,-0.366687,39.4552
Mont-Olivet,-0.364038,39.45633
Mont-Olivet,-0.363276,39.45666
Ciutat Fallera,-0.397628,39.49544
Ciutat Fallera,-0.397013,39.49583
Ciutat Fallera,-0.396652,39.4955
Ciutat Fallera,-0.39623,39.49575
Ciutat Fallera,-0.39438,39.49686
Ciutat Fallera,-0.393912,39.49711
Ciutat Fallera,-0.393314,39.49746
Ciutat Fallera,-0.393006,39.49764
Ciutat Fallera,-0.392726,39.4978
Ciutat Fallera,-0.392434,39.49797
Ciutat Fallera,-0.391969,39.49824
Ciutat Fallera,-0.391371,39.49859
Ciutat Fallera,-0.391103,39.49875
Ciutat Fallera,-0.388906,39.50009
Ciutat Fallera,-0.38864,39.50025
Ciutat Fallera,-0.389768,39.50134
Ciutat Fallera,-0.39214,39.50309
Ciutat Fallera,-0.392968,39.50304
Ciutat Fallera,-0.394235,39.50306
Ciutat Fallera,-0.39565,39.50223
Ciutat Fallera,-0.396963,39.50139
Ciutat Fallera,-0.399063,39.50026
Ciutat Fallera,-0.401521,39.49891
Ciutat Fallera,-0.401153,39.49858
Ciutat Fallera,-0.40022,39.49775
Ciutat Fallera,-0.39883,39.49653
Ciutat Fallera,-0.397628,39.49544
L'Illa Perduda,-0.335384,39.46597
L'Illa Perduda,-0.33518,39.46692
L'Illa Perduda,-0.335092,39.46723
L'Illa Perduda,-0.334999,39.46779
L'Illa Perduda,-0.334876,39.4685
L'Illa Perduda,-0.335886,39.46858
L'Illa Perduda,-0.337431,39.4687
L'Illa Perduda,-0.338616,39.46883
L'Illa Perduda,-0.338738,39.46862
L'Illa Perduda,-0.339865,39.46898
L'Illa Perduda,-0.339336,39.47002
L'Illa Perduda,-0.339153,39.47039
L'Illa Perduda,-0.339015,39.47068
L'Illa Perduda,-0.338861,39.47101
L'Illa Perduda,-0.339633,39.47124
L'Illa Perduda,-0.340427,39.47146
L'Illa Perduda,-0.340719,39.47154
L'Illa Perduda,-0.340936,39.47161
L'Illa Perduda,-0.341271,39.47172
L'Illa Perduda,-0.341446,39.47176
L'Illa Perduda,-0.341764,39.47185
L'Illa Perduda,-0.342081,39.47196
L'Illa Perduda,-0.342286,39.47202
L'Illa Perduda,-0.342386,39.47183
L'Illa Perduda,-0.342934,39.47069
L'Illa Perduda,-0.343877,39.46875
L'Illa Perduda,-0.343736,39.46871
L'Illa Perduda,-0.343527,39.46845
L'Illa Perduda,-0.343326,39.46827
L'Illa Perduda,-0.342282,39.46798
L'Illa Perduda,-0.34018,39.46738
L'Illa Perduda,-0.338467,39.46687
L'Illa Perduda,-0.337026,39.46645
L'Illa Perduda,-0.335384,39.46597
En Corts,-0.36931,39.45968
En Corts,-0.370431,39.45922
En Corts,-0.372094,39.45851
En Corts,-0.375033,39.45724
En Corts,-0.375329,39.45711
En Corts,-0.375763,39.45692
En Corts,-0.372778,39.45267
En Corts,-0.371635,39.45101
En Corts,-0.371119,39.45242
En Corts,-0.371502,39.45319
En Corts,-0.36974,39.45392
En Corts,-0.367224,39.45497
En Corts,-0.366687,39.4552
En Corts,-0.36931,39.45968
Benimaclet,-0.3701,39.48633
Benimaclet,-0.369576,39.48617
Benimaclet,-0.36925,39.48629
Benimaclet,-0.36875,39.48623
Benimaclet,-0.368605,39.48656
Benimaclet,-0.366544,39.486
Benimaclet,-0.365386,39.48569
Benimaclet,-0.364642,39.48623
Benimaclet,-0.364014,39.48573
Benimaclet,-0.36348,39.4853
Benimaclet,-0.363584,39.48513
Benimaclet,-0.363053,39.48499
Benimaclet,-0.362333,39.48481
Benimaclet,-0.362564,39.48432
Benimaclet,-0.362818,39.48377
Benimaclet,-0.361691,39.48297
Benimaclet,-0.360441,39.48208
Benimaclet,-0.359481,39.48139
Benimaclet,-0.358342,39.48053
Benimaclet,-0.357084,39.4796
Benimaclet,-0.356307,39.47902
Benimaclet,-0.355969,39.47877
Benimaclet,-0.355496,39.47842
Benimaclet,-0.354769,39.47817
Benimaclet,-0.35473,39.47825
Benimaclet,-0.354666,39.47839
Benimaclet,-0.354578,39.47857
Benimaclet,-0.354561,39.4786
Benimaclet,-0.35434,39.47899
Benimaclet,-0.35413,39.47937
Benimaclet,-0.353929,39.47957
Benimaclet,-0.35389,39.47961
Benimaclet,-0.353789,39.47971
Benimaclet,-0.353567,39.47992
Benimaclet,-0.353275,39.4802
Benimaclet,-0.353194,39.48029
Benimaclet,-0.352984,39.4805
Benimaclet,-0.352703,39.48077
Benimaclet,-0.351968,39.48123
Benimaclet,-0.351453,39.48153
Benimaclet,-0.352183,39.48175
Benimaclet,-0.353547,39.48218
Benimaclet,-0.354378,39.48244
Benimaclet,-0.354346,39.48265
Benimaclet,-0.354196,39.48362
Benimaclet,-0.354077,39.48439
Benimaclet,-0.354845,39.48447
Benimaclet,-0.354748,39.485
Benimaclet,-0.354605,39.48579
Benimaclet,-0.355259,39.48585
Benimaclet,-0.355626,39.48588
Benimaclet,-0.35642,39.48595
Benimaclet,-0.356268,39.48684
Benimaclet,-0.356265,39.48691
Benimaclet,-0.356386,39.48699
Benimaclet,-0.356765,39.48701
Benimaclet,-0.356958,39.48702
Benimaclet,-0.35761,39.48707
Benimaclet,-0.357583,39.48722
Benimaclet,-0.358803,39.4874
Benimaclet,-0.359287,39.48747
Benimaclet,-0.359193,39.48795
Benimaclet,-0.359015,39.48886
Benimaclet,-0.360106,39.489
Benimaclet,-0.360267,39.48903
Benimaclet,-0.36043,39.4887
Benimaclet,-0.360505,39.48851
Benimaclet,-0.361075,39.48853
Benimaclet,-0.361615,39.48856
Benimaclet,-0.361884,39.48857
Benimaclet,-0.36231,39.48859
Benimaclet,-0.362529,39.48838
Benimaclet,-0.362814,39.48816
Benimaclet,-0.363045,39.48798
Benimaclet,-0.362804,39.48779
Benimaclet,-0.362955,39.48769
Benimaclet,-0.363349,39.48737
Benimaclet,-0.363985,39.48686
Benimaclet,-0.364177,39.48701
Benimaclet,-0.364628,39.48734
Benimaclet,-0.36484,39.48749
Benimaclet,-0.364998,39.48761
Benimaclet,-0.365342,39.48788
Benimaclet,-0.366107,39.48845
Benimaclet,-0.365767,39.48854
Benimaclet,-0.365451,39.48872
Benimaclet,-0.3653,39.4888
Benimaclet,-0.365025,39.489
Benimaclet,-0.364892,39.48911
Benimaclet,-0.364742,39.48922
Benimaclet,-0.365144,39.48949
Benimaclet,-0.365388,39.48969
Benimaclet,-0.365555,39.48959
Benimaclet,-0.365804,39.48944
Benimaclet,-0.366018,39.48932
Benimaclet,-0.366487,39.48905
Benimaclet,-0.366825,39.48886
Benimaclet,-0.367149,39.48867
Benimaclet,-0.368402,39.48797
Benimaclet,-0.369736,39.48696
Benimaclet,-0.369794,39.48687
Benimaclet,-0.3701,39.48633
Nou Campanar,-0.41027,39.48143
Nou Campanar,-0.413179,39.47899
Nou Campanar,-0.41231,39.4781
Nou Campanar,-0.412279,39.4778
Nou Campanar,-0.411839,39.47711
Nou Campanar,-0.411332,39.47623
Nou Campanar,-0.410319,39.47586
Nou Campanar,-0.410177,39.47568
Nou Campanar,-0.410179,39.47508
Nou Campanar,-0.410075,39.47482
Nou Campanar,-0.408799,39.47404
Nou Campanar,-0.40792,39.47404
Nou Campanar,-0.407341,39.47412
Nou Campanar,-0.406665,39.47422
Nou Campanar,-0.406055,39.47431
Nou Campanar,-0.405909,39.47439
Nou Campanar,-0.405241,39.47474
Nou Campanar,-0.404168,39.47494
Nou Campanar,-0.403444,39.47507
Nou Campanar,-0.403259,39.4751
Nou Campanar,-0.402966,39.47515
Nou Campanar,-0.402232,39.47527
Nou Campanar,-0.401033,39.47546
Nou Campanar,-0.399846,39.47566
Nou Campanar,-0.399438,39.47572
Nou Campanar,-0.399203,39.47577
Nou Campanar,-0.399727,39.47732
Nou Campanar,-0.400032,39.47836
Nou Campanar,-0.399332,39.47856
Nou Campanar,-0.398599,39.47888
Nou Campanar,-0.401165,39.48257
Nou Campanar,-0.401661,39.48332
Nou Campanar,-0.402721,39.48291
Nou Campanar,-0.403986,39.48236
Nou Campanar,-0.404601,39.48324
Nou Campanar,-0.406554,39.48239
Nou Campanar,-0.406732,39.4819
Nou Campanar,-0.40732,39.48097
Nou Campanar,-0.41027,39.48143
Nou Benicalap,-0.391117,39.49874
Nou Benicalap,-0.393912,39.49711
Nou Benicalap,-0.39112,39.4943
Nou Benicalap,-0.390499,39.49403
Nou Benicalap,-0.388531,39.4933
Nou Benicalap,-0.386301,39.49255
Nou Benicalap,-0.383227,39.49324
Nou Benicalap,-0.381725,39.49355
Nou Benicalap,-0.380055,39.49392
Nou Benicalap,-0.380353,39.49496
Nou Benicalap,-0.381331,39.49735
Nou Benicalap,-0.381346,39.49889
Nou Benicalap,-0.382231,39.49868
Nou Benicalap,-0.386482,39.49812
Nou Benicalap,-0.38864,39.50025
Nou Benicalap,-0.388906,39.50009
Nou Benicalap,-0.391117,39.49874
El Carme,-0.379171,39.47655
El Carme,-0.379086,39.47656
El Carme,-0.378275,39.47665
El Carme,-0.376874,39.47661
El Carme,-0.376889,39.47732
El Carme,-0.376861,39.4774
El Carme,-0.376133,39.47896
El Carme,-0.374887,39.47897
El Carme,-0.374809,39.47902
El Carme,-0.374626,39.47925
El Carme,-0.374119,39.47988
El Carme,-0.373611,39.4805
El Carme,-0.375046,39.48159
El Carme,-0.377267,39.48281
El Carme,-0.378977,39.4829
El Carme,-0.380438,39.483
El Carme,-0.380319,39.48195
El Carme,-0.380255,39.48138
El Carme,-0.380536,39.4813
El Carme,-0.380925,39.48117
El Carme,-0.382244,39.48075
El Carme,-0.382697,39.48054
El Carme,-0.38298,39.48031
El Carme,-0.383067,39.48005
El Carme,-0.383295,39.47939
El Carme,-0.383465,39.4789
El Carme,-0.383666,39.47833
El Carme,-0.383566,39.47823
El Carme,-0.383641,39.4778
El Carme,-0.383699,39.47744
El Carme,-0.383761,39.47705
El Carme,-0.383825,39.47668
El Carme,-0.383991,39.47572
El Carme,-0.383105,39.47585
El Carme,-0.38237,39.47601
El Carme,-0.381941,39.4761
El Carme,-0.381343,39.47618
El Carme,-0.380349,39.47631
El Carme,-0.379802,39.47643
El Carme,-0.379171,39.47655
El Pla del Remei,-0.373623,39.46499
El Pla del Remei,-0.371644,39.46577
El Pla del Remei,-0.366674,39.46784
El Pla del Remei,-0.364146,39.46889
El Pla del Remei,-0.364794,39.46993
El Pla del Remei,-0.365212,39.4706
El Pla del Remei,-0.365148,39.47075
El Pla del Remei,-0.365612,39.47129
El Pla del Remei,-0.366285,39.47208
El Pla del Remei,-0.366652,39.47251
El Pla del Remei,-0.366841,39.47273
El Pla del Remei,-0.367995,39.47225
El Pla del Remei,-0.368049,39.47203
El Pla del Remei,-0.368284,39.47186
El Pla del Remei,-0.368964,39.47184
El Pla del Remei,-0.368967,39.47179
El Pla del Remei,-0.369786,39.47088
El Pla del Remei,-0.371262,39.46972
El Pla del Remei,-0.37174,39.46935
El Pla del Remei,-0.372012,39.46915
El Pla del Remei,-0.372855,39.46855
El Pla del Remei,-0.373597,39.46801
El Pla del Remei,-0.374133,39.46763
El Pla del Remei,-0.374828,39.46715
El Pla del Remei,-0.374911,39.46715
El Pla del Remei,-0.37422,39.46569
El Pla del Remei,-0.373914,39.46507
El Pla del Remei,-0.373623,39.46499
Gran Vía,-0.364146,39.46889
Gran Vía,-0.365627,39.46827
Gran Vía,-0.366749,39.4678
Gran Vía,-0.369308,39.46674
Gran Vía,-0.371171,39.46596
Gran Vía,-0.371744,39.46573
Gran Vía,-0.372283,39.46552
Gran Vía,-0.372769,39.46532
Gran Vía,-0.373616,39.46499
Gran Vía,-0.373085,39.46485
Gran Vía,-0.371759,39.46456
Gran Vía,-0.370201,39.46422
Gran Vía,-0.367997,39.46373
Gran Vía,-0.364882,39.46305
Gran Vía,-0.362531,39.46254
Gran Vía,-0.360944,39.46319
Gran Vía,-0.361058,39.46342
Gran Vía,-0.3615,39.46433
Gran Vía,-0.362133,39.46561
Gran Vía,-0.362324,39.46593
Gran Vía,-0.362469,39.46616
Gran Vía,-0.362923,39.46691
Gran Vía,-0.363397,39.46767
Gran Vía,-0.364146,39.46889
La Petxina,-0.390652,39.47816
La Petxina,-0.391187,39.47889
La Petxina,-0.392034,39.47855
La Petxina,-0.392638,39.4783
La Petxina,-0.393107,39.47812
La Petxina,-0.393255,39.47806
La Petxina,-0.393414,39.47799
La Petxina,-0.394968,39.47731
La Petxina,-0.396878,39.47647
La Petxina,-0.395498,39.47455
La Petxina,-0.394705,39.47344
La Petxina,-0.393092,39.47119
La Petxina,-0.392059,39.46976
La Petxina,-0.391606,39.46913
La Petxina,-0.391546,39.46905
La Petxina,-0.391244,39.46911
La Petxina,-0.390042,39.46939
La Petxina,-0.388668,39.46966
La Petxina,-0.388448,39.46992
La Petxina,-0.387483,39.47073
La Petxina,-0.386413,39.47162
La Petxina,-0.386265,39.47175
La Petxina,-0.386091,39.47191
La Petxina,-0.386193,39.47206
La Petxina,-0.386281,39.47217
La Petxina,-0.387066,39.4732
La Petxina,-0.387194,39.47337
La Petxina,-0.387233,39.47342
La Petxina,-0.387947,39.47442
La Petxina,-0.388306,39.47492
La Petxina,-0.389397,39.47643
La Petxina,-0.389639,39.47677
La Petxina,-0.390145,39.47746
La Petxina,-0.390652,39.47816
El Botànic,-0.383407,39.47035
El Botànic,-0.383432,39.47036
El Botànic,-0.383611,39.47064
El Botànic,-0.383984,39.47165
El Botànic,-0.384024,39.47202
El Botànic,-0.384024,39.47245
El Botànic,-0.383994,39.47318
El Botànic,-0.383949,39.47399
El Botànic,-0.383981,39.47534
El Botànic,-0.383991,39.47572
El Botànic,-0.383749,39.47713
El Botànic,-0.383641,39.4778
El Botànic,-0.383566,39.47823
El Botànic,-0.383666,39.47833
El Botànic,-0.383371,39.47917
El Botànic,-0.383209,39.47964
El Botànic,-0.38298,39.48031
El Botànic,-0.382697,39.48054
El Botànic,-0.382244,39.48075
El Botànic,-0.380546,39.48129
El Botànic,-0.380255,39.48138
El Botànic,-0.380438,39.483
El Botànic,-0.381978,39.4826
El Botànic,-0.383965,39.48176
El Botànic,-0.386777,39.48052
El Botànic,-0.388802,39.47961
El Botànic,-0.391013,39.47896
El Botànic,-0.391186,39.47889
El Botànic,-0.389799,39.47699
El Botànic,-0.38838,39.47502
El Botànic,-0.387197,39.47337
El Botànic,-0.38619,39.47205
El Botànic,-0.385752,39.47143
El Botànic,-0.384907,39.47034
El Botànic,-0.384441,39.46965
El Botànic,-0.384185,39.46927
El Botànic,-0.38407,39.46941
El Botànic,-0.383574,39.47013
El Botànic,-0.383407,39.47035
El Pilar,-0.381095,39.47612
El Pilar,-0.381101,39.47622
El Pilar,-0.381726,39.47613
El Pilar,-0.38194,39.4761
El Pilar,-0.382373,39.47601
El Pilar,-0.383105,39.47585
El Pilar,-0.383991,39.47572
El Pilar,-0.383974,39.47502
El Pilar,-0.383948,39.474
El Pilar,-0.383995,39.47317
El Pilar,-0.384024,39.47247
El Pilar,-0.384025,39.47225
El Pilar,-0.384024,39.47202
El Pilar,-0.383984,39.47165
El Pilar,-0.383611,39.47064
El Pilar,-0.382711,39.47093
El Pilar,-0.382044,39.47094
El Pilar,-0.381234,39.47087
El Pilar,-0.380679,39.47098
El Pilar,-0.380266,39.4711
El Pilar,-0.379709,39.47125
El Pilar,-0.37975,39.47241
El Pilar,-0.380206,39.47235
El Pilar,-0.380953,39.47228
El Pilar,-0.381016,39.47243
El Pilar,-0.380892,39.47258
El Pilar,-0.380711,39.47284
El Pilar,-0.380398,39.47322
El Pilar,-0.381035,39.47345
El Pilar,-0.381111,39.47358
El Pilar,-0.381191,39.47373
El Pilar,-0.381222,39.47407
El Pilar,-0.381279,39.47443
El Pilar,-0.381216,39.47466
El Pilar,-0.381126,39.47481
El Pilar,-0.380988,39.47505
El Pilar,-0.380799,39.47537
El Pilar,-0.381038,39.47541
El Pilar,-0.381054,39.47564
El Pilar,-0.381095,39.47612
Trinitat,-0.36925,39.48629
Trinitat,-0.369576,39.48617
Trinitat,-0.3701,39.48633
Trinitat,-0.370419,39.48599
Trinitat,-0.370778,39.48543
Trinitat,-0.371582,39.48416
Trinitat,-0.371967,39.48355
Trinitat,-0.372368,39.48292
Trinitat,-0.372529,39.48266
Trinitat,-0.373034,39.48181
Trinitat,-0.373927,39.48074
Trinitat,-0.37364,39.48052
Trinitat,-0.373611,39.4805
Trinitat,-0.373524,39.48043
Trinitat,-0.372747,39.48
Trinitat,-0.372102,39.47971
Trinitat,-0.371316,39.4789
Trinitat,-0.370405,39.47848
Trinitat,-0.369639,39.47802
Trinitat,-0.368798,39.47753
Trinitat,-0.368125,39.4771
Trinitat,-0.36754,39.47724
Trinitat,-0.367343,39.47738
Trinitat,-0.367066,39.47796
Trinitat,-0.36636,39.47941
Trinitat,-0.365968,39.48022
Trinitat,-0.365599,39.48098
Trinitat,-0.365196,39.48183
Trinitat,-0.36496,39.48234
Trinitat,-0.364577,39.48316
Trinitat,-0.363995,39.48432
Trinitat,-0.363629,39.48505
Trinitat,-0.363584,39.48513
Trinitat,-0.36348,39.4853
Trinitat,-0.364642,39.48623
Trinitat,-0.365386,39.48569
Trinitat,-0.367807,39.48634
Trinitat,-0.368605,39.48656
Trinitat,-0.368749,39.48623
Trinitat,-0.36925,39.48629
Natzaret,-0.331604,39.45333
Natzaret,-0.333017,39.4546
Natzaret,-0.334306,39.45477
Natzaret,-0.334645,39.45484
Natzaret,-0.334793,39.45396
Natzaret,-0.334905,39.45327
Natzaret,-0.334994,39.45275
Natzaret,-0.33519,39.45156
Natzaret,-0.335515,39.44937
Natzaret,-0.335633,39.4484
Natzaret,-0.335355,39.44835
Natzaret,-0.335591,39.44641
Natzaret,-0.335782,39.44436
Natzaret,-0.335986,39.44232
Natzaret,-0.336283,39.43978
Natzaret,-0.336409,39.43846
Natzaret,-0.336442,39.43797
Natzaret,-0.334991,39.43808
Natzaret,-0.334395,39.43833
Natzaret,-0.333448,39.43969
Natzaret,-0.330924,39.44259
Natzaret,-0.330509,39.44304
Natzaret,-0.330289,39.44331
Natzaret,-0.330019,39.44362
Natzaret,-0.329441,39.44402
Natzaret,-0.329146,39.44423
Natzaret,-0.328435,39.44454
Natzaret,-0.327771,39.44476
Natzaret,-0.327734,39.44562
Natzaret,-0.327708,39.44626
Natzaret,-0.327595,39.44689
Natzaret,-0.327666,39.44843
Natzaret,-0.32799,39.44901
Natzaret,-0.3283,39.44944
Natzaret,-0.329964,39.45149
Natzaret,-0.3309,39.45255
Natzaret,-0.331604,39.45333
Morvedre,-0.378967,39.4829
Morvedre,-0.378012,39.48285
Morvedre,-0.377267,39.48281
Morvedre,-0.376385,39.48232
Morvedre,-0.375046,39.48159
Morvedre,-0.373927,39.48074
Morvedre,-0.373034,39.48181
Morvedre,-0.372593,39.48255
Morvedre,-0.372386,39.48289
Morvedre,-0.370923,39.4852
Morvedre,-0.370419,39.48599
Morvedre,-0.3701,39.48633
Morvedre,-0.369788,39.48688
Morvedre,-0.371319,39.48716
Morvedre,-0.371615,39.48642
Morvedre,-0.371837,39.48656
Morvedre,-0.372429,39.4867
Morvedre,-0.372795,39.4867
Morvedre,-0.374563,39.48654
Morvedre,-0.375683,39.48643
Morvedre,-0.376274,39.48638
Morvedre,-0.375978,39.48693
Morvedre,-0.377299,39.48744
Morvedre,-0.378089,39.48631
Morvedre,-0.378522,39.4856
Morvedre,-0.378627,39.48528
Morvedre,-0.378803,39.48422
Morvedre,-0.378967,39.4829
Penya-Roja,-0.359611,39.46345
Penya-Roja,-0.360016,39.46334
Penya-Roja,-0.359838,39.46273
Penya-Roja,-0.359713,39.46233
Penya-Roja,-0.359454,39.46199
Penya-Roja,-0.358433,39.46069
Penya-Roja,-0.358008,39.46014
Penya-Roja,-0.357912,39.46004
Penya-Roja,-0.355849,39.45925
Penya-Roja,-0.354242,39.45864
Penya-Roja,-0.354059,39.45857
Penya-Roja,-0.352914,39.45788
Penya-Roja,-0.351998,39.45732
Penya-Roja,-0.350962,39.45669
Penya-Roja,-0.349812,39.45597
Penya-Roja,-0.346152,39.45438
Penya-Roja,-0.345135,39.45392
Penya-Roja,-0.341901,39.45394
Penya-Roja,-0.341699,39.45393
Penya-Roja,-0.341529,39.45486
Penya-Roja,-0.341398,39.4556
Penya-Roja,-0.341207,39.4564
Penya-Roja,-0.340889,39.45764
Penya-Roja,-0.340844,39.45781
Penya-Roja,-0.342126,39.45809
Penya-Roja,-0.343035,39.4583
Penya-Roja,-0.343965,39.45849
Penya-Roja,-0.342299,39.45952
Penya-Roja,-0.343403,39.45981
Penya-Roja,-0.345455,39.46031
Penya-Roja,-0.347574,39.46082
Penya-Roja,-0.347958,39.46092
Penya-Roja,-0.349202,39.4613
Penya-Roja,-0.350108,39.46155
Penya-Roja,-0.352567,39.46223
Penya-Roja,-0.352578,39.46226
Penya-Roja,-0.352431,39.46263
Penya-Roja,-0.352234,39.46311
Penya-Roja,-0.354189,39.4637
Penya-Roja,-0.35395,39.46421
Penya-Roja,-0.354689,39.46438
Penya-Roja,-0.354785,39.46423
Penya-Roja,-0.35518,39.46451
Penya-Roja,-0.355905,39.46503
Penya-Roja,-0.356232,39.46525
Penya-Roja,-0.356515,39.46547
Penya-Roja,-0.357144,39.46592
Penya-Roja,-0.357421,39.46537
Penya-Roja,-0.358023,39.46411
Penya-Roja,-0.358787,39.46364
Penya-Roja,-0.359611,39.46345
L'Amistat,-0.348353,39.47407
L'Amistat,-0.352035,39.47523
L'Amistat,-0.352524,39.47523
L'Amistat,-0.353235,39.47383
L'Amistat,-0.353974,39.47237
L'Amistat,-0.354398,39.47152
L'Amistat,-0.353604,39.47128
L'Amistat,-0.352564,39.47096
L'Amistat,-0.351606,39.47069
L'Amistat,-0.350672,39.4704
L'Amistat,-0.349694,39.47011
L'Amistat,-0.349476,39.47005
L'Amistat,-0.348828,39.47162
L'Amistat,-0.348379,39.4727
L'Amistat,-0.34806,39.47347
L'Amistat,-0.34772,39.47381
L'Amistat,-0.34765,39.47403
L'Amistat,-0.347871,39.47404
L'Amistat,-0.348353,39.47407
Exposició,-0.365948,39.47439
Exposició,-0.365605,39.47396
Exposició,-0.365207,39.47347
Exposició,-0.36462,39.47371
Exposició,-0.363769,39.47419
Exposició,-0.36267,39.47388
Exposició,-0.361603,39.47359
Exposició,-0.360673,39.47332
Exposició,-0.360448,39.47376
Exposició,-0.359984,39.47473
Exposició,-0.359356,39.47455
Exposició,-0.358571,39.47605
Exposició,-0.358083,39.477
Exposició,-0.358417,39.47709
Exposició,-0.359509,39.4774
Exposició,-0.360553,39.47769
Exposició,-0.361863,39.4781
Exposició,-0.362639,39.47832
Exposició,-0.365156,39.47906
Exposició,-0.36636,39.47941
Exposició,-0.366707,39.4787
Exposició,-0.366943,39.47822
Exposició,-0.367343,39.47738
Exposició,-0.36754,39.47724
Exposició,-0.368125,39.4771
Exposició,-0.367626,39.47648
Exposició,-0.366782,39.47543
Exposició,-0.365948,39.47439
Tormos,-0.385586,39.48951
Tormos,-0.386176,39.48938
Tormos,-0.385742,39.48921
Tormos,-0.385538,39.48913
Tormos,-0.383742,39.48832
Tormos,-0.381563,39.48728
Tormos,-0.380245,39.48753
Tormos,-0.37943,39.48768
Tormos,-0.378966,39.48645
Tormos,-0.378774,39.48638
Tormos,-0.378225,39.48633
Tormos,-0.378089,39.48631
Tormos,-0.377808,39.48671
Tormos,-0.377299,39.48744
Tormos,-0.37682,39.48808
Tormos,-0.37606,39.48913
Tormos,-0.374842,39.49082
Tormos,-0.37436,39.49157
Tormos,-0.37412,39.49199
Tormos,-0.374231,39.49201
Tormos,-0.376025,39.49161
Tormos,-0.378191,39.49112
Tormos,-0.380288,39.49065
Tormos,-0.382261,39.49021
Tormos,-0.384691,39.48968
Tormos,-0.385586,39.48951
Sant Antoni,-0.373636,39.49189
Sant Antoni,-0.37412,39.49199
Sant Antoni,-0.374362,39.49156
Sant Antoni,-0.374849,39.49081
Sant Antoni,-0.376862,39.48802
Sant Antoni,-0.377298,39.48744
Sant Antoni,-0.375978,39.48693
Sant Antoni,-0.376274,39.48638
Sant Antoni,-0.375701,39.48643
Sant Antoni,-0.374504,39.48654
Sant Antoni,-0.372797,39.4867
Sant Antoni,-0.372428,39.4867
Sant Antoni,-0.371838,39.48656
Sant Antoni,-0.371615,39.48642
Sant Antoni,-0.371319,39.48716
Sant Antoni,-0.369788,39.48688
Sant Antoni,-0.369736,39.48696
Sant Antoni,-0.369301,39.48729
Sant Antoni,-0.36921,39.48736
Sant Antoni,-0.368402,39.48797
Sant Antoni,-0.369949,39.48911
Sant Antoni,-0.371259,39.49008
Sant Antoni,-0.372491,39.49102
Sant Antoni,-0.373449,39.49175
Sant Antoni,-0.373636,39.49189
La Creu del Grau,-0.340843,39.45781
La Creu del Grau,-0.340077,39.46084
La Creu del Grau,-0.33935,39.46132
La Creu del Grau,-0.338819,39.46166
La Creu del Grau,-0.338667,39.46176
La Creu del Grau,-0.339537,39.46202
La Creu del Grau,-0.340933,39.46243
La Creu del Grau,-0.341985,39.46275
La Creu del Grau,-0.342783,39.46299
La Creu del Grau,-0.344017,39.46335
La Creu del Grau,-0.344586,39.46352
La Creu del Grau,-0.346195,39.46399
La Creu del Grau,-0.346512,39.46409
La Creu del Grau,-0.347375,39.46434
La Creu del Grau,-0.348645,39.46472
La Creu del Grau,-0.348773,39.46446
La Creu del Grau,-0.349591,39.46469
La Creu del Grau,-0.350181,39.46485
La Creu del Grau,-0.350557,39.46406
La Creu del Grau,-0.350772,39.46363
La Creu del Grau,-0.351007,39.46313
La Creu del Grau,-0.351159,39.46281
La Creu del Grau,-0.351559,39.46196
La Creu del Grau,-0.351067,39.46182
La Creu del Grau,-0.350171,39.46157
La Creu del Grau,-0.349199,39.4613
La Creu del Grau,-0.348916,39.46121
La Creu del Grau,-0.347958,39.46092
La Creu del Grau,-0.34767,39.46084
La Creu del Grau,-0.345576,39.46034
La Creu del Grau,-0.343383,39.45981
La Creu del Grau,-0.342299,39.45952
La Creu del Grau,-0.343964,39.45849
La Creu del Grau,-0.343475,39.45839
La Creu del Grau,-0.342844,39.45825
La Creu del Grau,-0.342298,39.45813
La Creu del Grau,-0.340843,39.45781
Aiora,-0.335384,39.46597
Aiora,-0.335404,39.46598
Aiora,-0.337329,39.46654
Aiora,-0.338149,39.46678
Aiora,-0.338746,39.46695
Aiora,-0.339759,39.46725
Aiora,-0.34019,39.46738
Aiora,-0.341459,39.46775
Aiora,-0.34191,39.46788
Aiora,-0.342723,39.46811
Aiora,-0.343326,39.46827
Aiora,-0.34353,39.46846
Aiora,-0.343625,39.46857
Aiora,-0.343736,39.46871
Aiora,-0.344012,39.46879
Aiora,-0.344386,39.46865
Aiora,-0.344663,39.46863
Aiora,-0.344718,39.46866
Aiora,-0.345382,39.46885
Aiora,-0.345866,39.46899
Aiora,-0.346352,39.46913
Aiora,-0.346962,39.46932
Aiora,-0.347237,39.4694
Aiora,-0.348111,39.46965
Aiora,-0.348382,39.46973
Aiora,-0.348814,39.46876
Aiora,-0.349412,39.46892
Aiora,-0.349865,39.46905
Aiora,-0.350467,39.46755
Aiora,-0.351294,39.46552
Aiora,-0.35016,39.4652
Aiora,-0.348657,39.46472
Aiora,-0.34637,39.46404
Aiora,-0.34532,39.46373
Aiora,-0.344016,39.46335
Aiora,-0.342736,39.46297
Aiora,-0.341569,39.46262
Aiora,-0.340221,39.46222
Aiora,-0.338667,39.46176
Aiora,-0.338373,39.46198
Aiora,-0.337858,39.46241
Aiora,-0.337249,39.46292
Aiora,-0.336385,39.46399
Aiora,-0.335936,39.46469
Aiora,-0.335509,39.46565
Aiora,-0.335384,39.46597
Mestalla,-0.358083,39.477
Mestalla,-0.358811,39.47559
Mestalla,-0.359356,39.47455
Mestalla,-0.359984,39.47473
Mestalla,-0.360205,39.47427
Mestalla,-0.360462,39.47373
Mestalla,-0.360673,39.47332
Mestalla,-0.361506,39.47356
Mestalla,-0.363769,39.47419
Mestalla,-0.364233,39.47393
Mestalla,-0.364621,39.47371
Mestalla,-0.365207,39.47347
Mestalla,-0.366841,39.47273
Mestalla,-0.366582,39.47242
Mestalla,-0.366288,39.47208
Mestalla,-0.365666,39.47135
Mestalla,-0.365148,39.47075
Mestalla,-0.365212,39.4706
Mestalla,-0.364214,39.469
Mestalla,-0.363449,39.46776
Mestalla,-0.362775,39.46666
Mestalla,-0.36225,39.46581
Mestalla,-0.362133,39.46561
Mestalla,-0.361465,39.46426
Mestalla,-0.360943,39.46319
Mestalla,-0.360017,39.46334
Mestalla,-0.359601,39.46345
Mestalla,-0.358787,39.46364
Mestalla,-0.358023,39.46411
Mestalla,-0.357594,39.46501
Mestalla,-0.357426,39.46536
Mestalla,-0.357143,39.46592
Mestalla,-0.356934,39.46636
Mestalla,-0.356614,39.46702
Mestalla,-0.356412,39.46747
Mestalla,-0.355827,39.46875
Mestalla,-0.355329,39.4697
Mestalla,-0.354549,39.47122
Mestalla,-0.353904,39.4725
Mestalla,-0.353193,39.47392
Mestalla,-0.352524,39.47523
Mestalla,-0.353837,39.4757
Mestalla,-0.356245,39.47642
Mestalla,-0.358083,39.477
Ciutat Universitària,-0.365156,39.47906
Ciutat Universitària,-0.362835,39.47838
Ciutat Universitària,-0.361833,39.47809
Ciutat Universitària,-0.36059,39.4777
Ciutat Universitària,-0.359716,39.47746
Ciutat Universitària,-0.358083,39.477
Ciutat Universitària,-0.356812,39.4766
Ciutat Universitària,-0.35613,39.47639
Ciutat Universitària,-0.353837,39.4757
Ciutat Universitària,-0.353282,39.47684
Ciutat Universitària,-0.352743,39.47796
Ciutat Universitària,-0.354578,39.47857
Ciutat Universitària,-0.354769,39.47817
Ciutat Universitària,-0.355116,39.47829
Ciutat Universitària,-0.355496,39.47842
Ciutat Universitària,-0.355981,39.47877
Ciutat Universitària,-0.356672,39.47929
Ciutat Universitària,-0.358094,39.48035
Ciutat Universitària,-0.358356,39.48054
Ciutat Universitària,-0.359413,39.48134
Ciutat Universitària,-0.359504,39.48141
Ciutat Universitària,-0.359968,39.48107
Ciutat Universitària,-0.360717,39.48054
Ciutat Universitària,-0.361244,39.47944
Ciutat Universitària,-0.364471,39.48041
Ciutat Universitària,-0.365156,39.47906
Camí Fondo,-0.356988,39.46625
Camí Fondo,-0.357143,39.46592
Camí Fondo,-0.356796,39.46567
Camí Fondo,-0.356508,39.46546
Camí Fondo,-0.356239,39.46526
Camí Fondo,-0.355975,39.46508
Camí Fondo,-0.355182,39.46451
Camí Fondo,-0.354785,39.46423
Camí Fondo,-0.354689,39.46438
Camí Fondo,-0.35395,39.46421
Camí Fondo,-0.354189,39.4637
Camí Fondo,-0.352234,39.46311
Camí Fondo,-0.352393,39.46272
Camí Fondo,-0.352484,39.4625
Camí Fondo,-0.352578,39.46226
Camí Fondo,-0.352567,39.46223
Camí Fondo,-0.351938,39.46206
Camí Fondo,-0.351559,39.46196
Camí Fondo,-0.350772,39.46363
Camí Fondo,-0.350554,39.46407
Camí Fondo,-0.350181,39.46485
Camí Fondo,-0.349246,39.46459
Camí Fondo,-0.34896,39.46451
Camí Fondo,-0.348773,39.46446
Camí Fondo,-0.348645,39.46472
Camí Fondo,-0.349729,39.46506
Camí Fondo,-0.350158,39.4652
Camí Fondo,-0.350585,39.46532
Camí Fondo,-0.351293,39.46552
Camí Fondo,-0.351491,39.46558
Camí Fondo,-0.352198,39.46578
Camí Fondo,-0.354345,39.46635
Camí Fondo,-0.356059,39.46685
Camí Fondo,-0.356614,39.46702
Camí Fondo,-0.356988,39.46625
Ciutat Jardí,-0.340023,39.47353
Ciutat Jardí,-0.341032,39.4738
Ciutat Jardí,-0.341779,39.474
Ciutat Jardí,-0.342405,39.47418
Ciutat Jardí,-0.342843,39.47429
Ciutat Jardí,-0.343092,39.47436
Ciutat Jardí,-0.343995,39.4746
Ciutat Jardí,-0.344576,39.47475
Ciutat Jardí,-0.345983,39.47512
Ciutat Jardí,-0.347196,39.47551
Ciutat Jardí,-0.347622,39.47443
Ciutat Jardí,-0.347668,39.47427
Ciutat Jardí,-0.34765,39.47403
Ciutat Jardí,-0.34772,39.47381
Ciutat Jardí,-0.348061,39.47347
Ciutat Jardí,-0.348848,39.47157
Ciutat Jardí,-0.349476,39.47005
Ciutat Jardí,-0.349257,39.46998
Ciutat Jardí,-0.348112,39.46965
Ciutat Jardí,-0.347187,39.46939
Ciutat Jardí,-0.346356,39.46913
Ciutat Jardí,-0.345878,39.469
Ciutat Jardí,-0.345446,39.46887
Ciutat Jardí,-0.344718,39.46866
Ciutat Jardí,-0.344663,39.46863
Ciutat Jardí,-0.344384,39.46865
Ciutat Jardí,-0.344012,39.46879
Ciutat Jardí,-0.343877,39.46875
Ciutat Jardí,-0.34362,39.46928
Ciutat Jardí,-0.342677,39.47122
Ciutat Jardí,-0.342387,39.47183
Ciutat Jardí,-0.342286,39.47202
Ciutat Jardí,-0.342082,39.47196
Ciutat Jardí,-0.34177,39.47186
Ciutat Jardí,-0.341448,39.47176
Ciutat Jardí,-0.341269,39.47172
Ciutat Jardí,-0.340932,39.47161
Ciutat Jardí,-0.340719,39.47154
Ciutat Jardí,-0.340371,39.47145
Ciutat Jardí,-0.340138,39.47138
Ciutat Jardí,-0.339913,39.47191
Ciutat Jardí,-0.340717,39.47216
Ciutat Jardí,-0.340207,39.47314
Ciutat Jardí,-0.340023,39.47353
La Fontsanta,-0.405669,39.46356
La Fontsanta,-0.405704,39.46384
La Fontsanta,-0.40611,39.46708
La Fontsanta,-0.406142,39.46735
La Fontsanta,-0.40618,39.46768
La Fontsanta,-0.406208,39.46794
La Fontsanta,-0.406126,39.46849
La Fontsanta,-0.405844,39.46938
La Fontsanta,-0.405688,39.46979
La Fontsanta,-0.405808,39.4698
La Fontsanta,-0.406834,39.46987
La Fontsanta,-0.408472,39.46986
La Fontsanta,-0.410504,39.46972
La Fontsanta,-0.410093,39.46713
La Fontsanta,-0.40999,39.46605
La Fontsanta,-0.411969,39.46591
La Fontsanta,-0.412175,39.46566
La Fontsanta,-0.412885,39.46304
La Fontsanta,-0.412499,39.46306
La Fontsanta,-0.40744,39.4632
La Fontsanta,-0.406308,39.46323
La Fontsanta,-0.406171,39.46329
La Fontsanta,-0.406121,39.46332
La Fontsanta,-0.405889,39.46344
La Fontsanta,-0.405829,39.46347
La Fontsanta,-0.405669,39.46356
Patraix,-0.395508,39.46796
Patraix,-0.395351,39.46758
Patraix,-0.39492,39.4665
Patraix,-0.394452,39.46534
Patraix,-0.395309,39.46459
Patraix,-0.396021,39.46394
Patraix,-0.397416,39.4639
Patraix,-0.397394,39.46354
Patraix,-0.397355,39.46299
Patraix,-0.397338,39.46279
Patraix,-0.395981,39.4616
Patraix,-0.394109,39.45986
Patraix,-0.3929,39.45878
Patraix,-0.391521,39.45754
Patraix,-0.390337,39.45647
Patraix,-0.389662,39.45751
Patraix,-0.388997,39.45853
Patraix,-0.388229,39.45964
Patraix,-0.388383,39.4604
Patraix,-0.387495,39.46148
Patraix,-0.387647,39.46171
Patraix,-0.387977,39.46219
Patraix,-0.387282,39.46251
Patraix,-0.386912,39.46266
Patraix,-0.390077,39.46702
Patraix,-0.392579,39.46744
Patraix,-0.395508,39.46796
Torrefiel,-0.374231,39.49201
Torrefiel,-0.37412,39.49199
Torrefiel,-0.374001,39.49197
Torrefiel,-0.373697,39.49247
Torrefiel,-0.373233,39.49325
Torrefiel,-0.372938,39.49375
Torrefiel,-0.372719,39.49412
Torrefiel,-0.372573,39.49424
Torrefiel,-0.372413,39.49429
Torrefiel,-0.371974,39.49464
Torrefiel,-0.371567,39.4952
Torrefiel,-0.371052,39.49492
Torrefiel,-0.370233,39.49602
Torrefiel,-0.371013,39.49632
Torrefiel,-0.370788,39.49679
Torrefiel,-0.371845,39.49704
Torrefiel,-0.371069,39.49864
Torrefiel,-0.372513,39.49896
Torrefiel,-0.375787,39.49971
Torrefiel,-0.37677,39.49968
Torrefiel,-0.37864,39.49957
Torrefiel,-0.381346,39.4989
Torrefiel,-0.381334,39.49765
Torrefiel,-0.381331,39.49735
Torrefiel,-0.380681,39.49576
Torrefiel,-0.380353,39.49496
Torrefiel,-0.380055,39.49392
Torrefiel,-0.38175,39.49355
Torrefiel,-0.383227,39.49324
Torrefiel,-0.382717,39.4918
Torrefiel,-0.382292,39.49062
Torrefiel,-0.382151,39.49024
Torrefiel,-0.380544,39.4906
Torrefiel,-0.378361,39.49108
Torrefiel,-0.376891,39.49141
Torrefiel,-0.374231,39.49201
La Vega Baixa,-0.347199,39.47551
La Vega Baixa,-0.34645,39.47729
La Vega Baixa,-0.348526,39.4773
La Vega Baixa,-0.348455,39.47824
La Vega Baixa,-0.349989,39.47822
La Vega Baixa,-0.350609,39.47822
La Vega Baixa,-0.35129,39.47823
La Vega Baixa,-0.3513,39.47811
La Vega Baixa,-0.351453,39.47777
La Vega Baixa,-0.35152,39.47766
La Vega Baixa,-0.352641,39.47793
La Vega Baixa,-0.352743,39.47796
La Vega Baixa,-0.35329,39.47683
La Vega Baixa,-0.353837,39.4757
La Vega Baixa,-0.352525,39.47523
La Vega Baixa,-0.352036,39.47523
La Vega Baixa,-0.350953,39.47489
La Vega Baixa,-0.348353,39.47407
La Vega Baixa,-0.347873,39.47404
La Vega Baixa,-0.34765,39.47403
La Vega Baixa,-0.347668,39.47427
La Vega Baixa,-0.347621,39.47443
La Vega Baixa,-0.347199,39.47551
Sant Isidre,-0.401899,39.45729
Sant Isidre,-0.402388,39.4581
Sant Isidre,-0.403283,39.45735
Sant Isidre,-0.405112,39.45576
Sant Isidre,-0.407134,39.45415
Sant Isidre,-0.408653,39.45304
Sant Isidre,-0.410117,39.45196
Sant Isidre,-0.409192,39.4507
Sant Isidre,-0.406288,39.4467
Sant Isidre,-0.405223,39.4483
Sant Isidre,-0.402664,39.45097
Sant Isidre,-0.401669,39.45184
Sant Isidre,-0.399581,39.45358
Sant Isidre,-0.399747,39.45382
Sant Isidre,-0.400103,39.45436
Sant Isidre,-0.400417,39.45486
Sant Isidre,-0.401899,39.45729
Vara de Quart,-0.397416,39.4639
Vara de Quart,-0.400231,39.46379
Vara de Quart,-0.402425,39.46369
Vara de Quart,-0.404946,39.46358
Vara de Quart,-0.405669,39.46356
Vara de Quart,-0.405839,39.46346
Vara de Quart,-0.406114,39.46332
Vara de Quart,-0.406308,39.46323
Vara de Quart,-0.407975,39.46318
Vara de Quart,-0.409796,39.46313
Vara de Quart,-0.412885,39.46304
Vara de Quart,-0.413736,39.45998
Vara de Quart,-0.414781,39.45724
Vara de Quart,-0.412624,39.45525
Vara de Quart,-0.410118,39.45196
Vara de Quart,-0.407116,39.45417
Vara de Quart,-0.405058,39.4558
Vara de Quart,-0.403447,39.45721
Vara de Quart,-0.402395,39.45809
Vara de Quart,-0.40089,39.4595
Vara de Quart,-0.398727,39.4615
Vara de Quart,-0.397338,39.46279
Vara de Quart,-0.397355,39.46298
Vara de Quart,-0.397416,39.4639
Soternes,-0.406239,39.46983
Soternes,-0.405716,39.46979
Soternes,-0.405687,39.46979
Soternes,-0.405339,39.47047
Soternes,-0.405243,39.47109
Soternes,-0.405467,39.47217
Soternes,-0.405602,39.47312
Soternes,-0.405908,39.47439
Soternes,-0.406055,39.47431
Soternes,-0.406579,39.47423
Soternes,-0.407922,39.47404
Soternes,-0.4088,39.47404
Soternes,-0.407669,39.47375
Soternes,-0.407095,39.47364
Soternes,-0.406943,39.47326
Soternes,-0.406909,39.47277
Soternes,-0.407137,39.47272
Soternes,-0.410184,39.47259
Soternes,-0.410902,39.47257
Soternes,-0.41107,39.47252
Soternes,-0.411898,39.47158
Soternes,-0.412233,39.47132
Soternes,-0.412511,39.47117
Soternes,-0.413558,39.47091
Soternes,-0.414888,39.47025
Soternes,-0.415656,39.46987
Soternes,-0.416433,39.46963
Soternes,-0.41726,39.46918
Soternes,-0.414071,39.46947
Soternes,-0.410504,39.46972
Soternes,-0.410084,39.46975
Soternes,-0.408478,39.46986
Soternes,-0.406833,39.46987
Soternes,-0.406239,39.46983
Safranar,-0.399758,39.45383
Safranar,-0.399581,39.45358
Safranar,-0.398315,39.45463
Safranar,-0.39724,39.45544
Safranar,-0.396935,39.45558
Safranar,-0.396619,39.45573
Safranar,-0.396312,39.45589
Safranar,-0.395781,39.4561
Safranar,-0.394766,39.45625
Safranar,-0.393288,39.45633
Safranar,-0.392411,39.45638
Safranar,-0.3916,39.45643
Safranar,-0.390566,39.45647
Safranar,-0.390337,39.45647
Safranar,-0.391786,39.45777
Safranar,-0.393164,39.45901
Safranar,-0.39424,39.45998
Safranar,-0.395996,39.46161
Safranar,-0.397338,39.46279
Safranar,-0.398384,39.46182
Safranar,-0.400611,39.45976
Safranar,-0.401691,39.45875
Safranar,-0.402162,39.45831
Safranar,-0.402388,39.4581
Safranar,-0.401619,39.45682
Safranar,-0.400809,39.4555
Safranar,-0.400151,39.45444
Safranar,-0.399758,39.45383
Tres Forques,-0.395509,39.46796
Tres Forques,-0.395994,39.46807
Tres Forques,-0.397526,39.46836
Tres Forques,-0.399551,39.46873
Tres Forques,-0.399904,39.4688
Tres Forques,-0.401179,39.46903
Tres Forques,-0.402685,39.46932
Tres Forques,-0.405035,39.46965
Tres Forques,-0.405687,39.46979
Tres Forques,-0.405844,39.46938
Tres Forques,-0.406126,39.46849
Tres Forques,-0.406208,39.46794
Tres Forques,-0.406144,39.46735
Tres Forques,-0.405921,39.46558
Tres Forques,-0.405669,39.46356
Tres Forques,-0.404955,39.46358
Tres Forques,-0.403485,39.46364
Tres Forques,-0.402048,39.46371
Tres Forques,-0.400726,39.46377
Tres Forques,-0.398743,39.46385
Tres Forques,-0.397416,39.4639
Tres Forques,-0.396021,39.46394
Tres Forques,-0.395326,39.46458
Tres Forques,-0.394452,39.46534
Tres Forques,-0.395009,39.46672
Tres Forques,-0.395352,39.46759
Tres Forques,-0.395509,39.46796
Benicalap,-0.38513,39.48959
Benicalap,-0.38469,39.48968
Benicalap,-0.383424,39.48996
Benicalap,-0.382151,39.49024
Benicalap,-0.38225,39.4905
Benicalap,-0.382401,39.49092
Benicalap,-0.38252,39.49125
Benicalap,-0.382839,39.49215
Benicalap,-0.383227,39.49324
Benicalap,-0.386301,39.49255
Benicalap,-0.387898,39.49309
Benicalap,-0.388526,39.4933
Benicalap,-0.390499,39.49403
Benicalap,-0.39112,39.4943
Benicalap,-0.393912,39.49711
Benicalap,-0.39438,39.49686
Benicalap,-0.395716,39.49606
Benicalap,-0.396652,39.4955
Benicalap,-0.397013,39.49583
Benicalap,-0.397628,39.49544
Benicalap,-0.398232,39.49599
Benicalap,-0.399678,39.4952
Benicalap,-0.400023,39.49565
Benicalap,-0.402492,39.49463
Benicalap,-0.399558,39.49053
Benicalap,-0.398017,39.48837
Benicalap,-0.396162,39.48577
Benicalap,-0.395302,39.48459
Benicalap,-0.394865,39.48477
Benicalap,-0.393729,39.48526
Benicalap,-0.393421,39.48539
Benicalap,-0.392555,39.48576
Benicalap,-0.393054,39.48641
Benicalap,-0.393273,39.48669
Benicalap,-0.393479,39.48696
Benicalap,-0.392713,39.4873
Benicalap,-0.391614,39.48775
Benicalap,-0.390431,39.48824
Benicalap,-0.389523,39.48863
Benicalap,-0.38945,39.48864
Benicalap,-0.387006,39.48919
Benicalap,-0.385574,39.48951
Benicalap,-0.38513,39.48959
Camí de Vera,-0.360267,39.48903
Camí de Vera,-0.360136,39.48901
Camí de Vera,-0.359015,39.48886
Camí de Vera,-0.359287,39.48747
Camí de Vera,-0.357583,39.48722
Camí de Vera,-0.35761,39.48707
Camí de Vera,-0.356955,39.48702
Camí de Vera,-0.356386,39.48699
Camí de Vera,-0.356265,39.48691
Camí de Vera,-0.356268,39.48684
Camí de Vera,-0.35642,39.48595
Camí de Vera,-0.355333,39.48585
Camí de Vera,-0.354605,39.48579
Camí de Vera,-0.354718,39.48517
Camí de Vera,-0.354845,39.48447
Camí de Vera,-0.354076,39.48439
Camí de Vera,-0.35425,39.48327
Camí de Vera,-0.354378,39.48244
Camí de Vera,-0.352283,39.48179
Camí de Vera,-0.352181,39.48175
Camí de Vera,-0.351917,39.48167
Camí de Vera,-0.351453,39.48153
Camí de Vera,-0.351408,39.48156
Camí de Vera,-0.35083,39.4819
Camí de Vera,-0.350587,39.48205
Camí de Vera,-0.350417,39.48215
Camí de Vera,-0.349296,39.48286
Camí de Vera,-0.346939,39.48436
Camí de Vera,-0.342962,39.48687
Camí de Vera,-0.342699,39.48703
Camí de Vera,-0.342245,39.48731
Camí de Vera,-0.344106,39.48769
Camí de Vera,-0.346694,39.48824
Camí de Vera,-0.34899,39.48875
Camí de Vera,-0.3495,39.48886
Camí de Vera,-0.350559,39.48909
Camí de Vera,-0.351752,39.48935
Camí de Vera,-0.353826,39.49105
Camí de Vera,-0.354754,39.49179
Camí de Vera,-0.355592,39.49248
Camí de Vera,-0.356512,39.49323
Camí de Vera,-0.357706,39.49419
Camí de Vera,-0.357905,39.49374
Camí de Vera,-0.358593,39.49247
Camí de Vera,-0.358761,39.49216
Camí de Vera,-0.358967,39.49164
Camí de Vera,-0.359096,39.4914
Camí de Vera,-0.359411,39.49073
Camí de Vera,-0.360267,39.48903
L'Hort de Senabre,-0.384488,39.4534
L'Hort de Senabre,-0.384463,39.45353
L'Hort de Senabre,-0.385435,39.45376
L'Hort de Senabre,-0.385595,39.45379
L'Hort de Senabre,-0.386466,39.45436
L'Hort de Senabre,-0.387152,39.45481
L'Hort de Senabre,-0.38726,39.45488
L'Hort de Senabre,-0.38809,39.45527
L'Hort de Senabre,-0.388862,39.45564
L'Hort de Senabre,-0.389213,39.45583
L'Hort de Senabre,-0.390353,39.45645
L'Hort de Senabre,-0.390574,39.45611
L'Hort de Senabre,-0.391316,39.455
L'Hort de Senabre,-0.392365,39.45342
L'Hort de Senabre,-0.393156,39.45222
L'Hort de Senabre,-0.394082,39.45088
L'Hort de Senabre,-0.394874,39.44976
L'Hort de Senabre,-0.39554,39.44882
L'Hort de Senabre,-0.396022,39.44809
L'Hort de Senabre,-0.396059,39.44791
L'Hort de Senabre,-0.395969,39.44757
L'Hort de Senabre,-0.392297,39.44765
L'Hort de Senabre,-0.389716,39.44773
L'Hort de Senabre,-0.389639,39.44792
L'Hort de Senabre,-0.389352,39.44929
L'Hort de Senabre,-0.388914,39.45127
L'Hort de Senabre,-0.388735,39.45218
L'Hort de Senabre,-0.388534,39.45309
L'Hort de Senabre,-0.38832,39.45305
L'Hort de Senabre,-0.387546,39.45293
L'Hort de Senabre,-0.384657,39.45253
L'Hort de Senabre,-0.384488,39.4534
La Creu Coberta,-0.381121,39.45458
La Creu Coberta,-0.381391,39.45463
La Creu Coberta,-0.381693,39.45469
La Creu Coberta,-0.382243,39.45478
La Creu Coberta,-0.382892,39.45488
La Creu Coberta,-0.383423,39.45497
La Creu Coberta,-0.383897,39.45505
La Creu Coberta,-0.384121,39.45509
La Creu Coberta,-0.384228,39.45463
La Creu Coberta,-0.384371,39.45396
La Creu Coberta,-0.384463,39.45353
La Creu Coberta,-0.384547,39.45309
La Creu Coberta,-0.384657,39.45253
La Creu Coberta,-0.384837,39.45255
La Creu Coberta,-0.385749,39.45268
La Creu Coberta,-0.386718,39.45282
La Creu Coberta,-0.387527,39.45293
La Creu Coberta,-0.388194,39.45303
La Creu Coberta,-0.388534,39.45309
La Creu Coberta,-0.388722,39.45224
La Creu Coberta,-0.388803,39.45184
La Creu Coberta,-0.388911,39.45129
La Creu Coberta,-0.389126,39.45035
La Creu Coberta,-0.389363,39.44924
La Creu Coberta,-0.389572,39.44826
La Creu Coberta,-0.389639,39.44792
La Creu Coberta,-0.389716,39.44773
La Creu Coberta,-0.388493,39.44776
La Creu Coberta,-0.387488,39.44779
La Creu Coberta,-0.387001,39.44781
La Creu Coberta,-0.386693,39.44781
La Creu Coberta,-0.385877,39.44781
La Creu Coberta,-0.386087,39.44717
La Creu Coberta,-0.385879,39.44713
La Creu Coberta,-0.384914,39.44698
La Creu Coberta,-0.383794,39.44676
La Creu Coberta,-0.383689,39.44707
La Creu Coberta,-0.383027,39.44906
La Creu Coberta,-0.382662,39.45016
La Creu Coberta,-0.382457,39.45077
La Creu Coberta,-0.382214,39.45145
La Creu Coberta,-0.381748,39.45276
La Creu Coberta,-0.381121,39.45458
La Raiosa,-0.385878,39.46117
La Raiosa,-0.386911,39.46266
La Raiosa,-0.387285,39.46251
La Raiosa,-0.387632,39.46235
La Raiosa,-0.387978,39.46219
La Raiosa,-0.38772,39.46181
La Raiosa,-0.387495,39.46148
La Raiosa,-0.387848,39.46105
La Raiosa,-0.388383,39.4604
La Raiosa,-0.388333,39.46015
La Raiosa,-0.388229,39.45964
La Raiosa,-0.388401,39.45939
La Raiosa,-0.389008,39.45851
La Raiosa,-0.389937,39.45708
La Raiosa,-0.390353,39.45645
La Raiosa,-0.389608,39.45605
La Raiosa,-0.388859,39.45564
La Raiosa,-0.387915,39.45519
La Raiosa,-0.387392,39.45494
La Raiosa,-0.387263,39.45488
La Raiosa,-0.385595,39.45379
La Raiosa,-0.385009,39.45366
La Raiosa,-0.384463,39.45353
La Raiosa,-0.38424,39.45457
La Raiosa,-0.38412,39.45509
La Raiosa,-0.383406,39.45496
La Raiosa,-0.381684,39.45469
La Raiosa,-0.381404,39.45463
La Raiosa,-0.381121,39.45458
La Raiosa,-0.380885,39.4553
La Raiosa,-0.381069,39.45536
La Raiosa,-0.381352,39.45544
La Raiosa,-0.381974,39.45579
La Raiosa,-0.382598,39.45662
La Raiosa,-0.383551,39.45789
La Raiosa,-0.383483,39.45809
La Raiosa,-0.383168,39.45907
La Raiosa,-0.382906,39.45986
La Raiosa,-0.383035,39.45995
La Raiosa,-0.383147,39.46004
La Raiosa,-0.383437,39.45991
La Raiosa,-0.384646,39.45936
La Raiosa,-0.385878,39.46117
Sant Marcellí,-0.386087,39.44716
Sant Marcellí,-0.385927,39.44766
Sant Marcellí,-0.385877,39.44781
Sant Marcellí,-0.386713,39.44781
Sant Marcellí,-0.387234,39.4478
Sant Marcellí,-0.388546,39.44776
Sant Marcellí,-0.389716,39.44773
Sant Marcellí,-0.391115,39.44769
Sant Marcellí,-0.39232,39.44765
Sant Marcellí,-0.392263,39.44741
Sant Marcellí,-0.392506,39.44675
Sant Marcellí,-0.392904,39.44573
Sant Marcellí,-0.393409,39.44445
Sant Marcellí,-0.39367,39.4437
Sant Marcellí,-0.394325,39.44207
Sant Marcellí,-0.393726,39.44187
Sant Marcellí,-0.392867,39.4422
Sant Marcellí,-0.392434,39.44226
Sant Marcellí,-0.39176,39.44233
Sant Marcellí,-0.390201,39.44235
Sant Marcellí,-0.389426,39.44234
Sant Marcellí,-0.388927,39.44238
Sant Marcellí,-0.388424,39.44246
Sant Marcellí,-0.388191,39.44256
Sant Marcellí,-0.387952,39.44274
Sant Marcellí,-0.387761,39.44302
Sant Marcellí,-0.387605,39.44333
Sant Marcellí,-0.386575,39.44588
Sant Marcellí,-0.386115,39.4471
Sant Marcellí,-0.386087,39.44716
Beniferri,-0.401746,39.4988
Beniferri,-0.404117,39.49966
Beniferri,-0.404977,39.4982
Beniferri,-0.404834,39.498
Beniferri,-0.406361,39.49729
Beniferri,-0.409395,39.49627
Beniferri,-0.408227,39.4947
Beniferri,-0.407899,39.49421
Beniferri,-0.407608,39.49378
Beniferri,-0.407349,39.4934
Beniferri,-0.406856,39.49273
Beniferri,-0.405424,39.49329
Beniferri,-0.404402,39.49373
Beniferri,-0.404169,39.49383
Beniferri,-0.403368,39.49419
Beniferri,-0.402492,39.49463
Beniferri,-0.401532,39.49502
Beniferri,-0.400603,39.49541
Beniferri,-0.400021,39.49565
Beniferri,-0.399678,39.4952
Beniferri,-0.398949,39.4956
Beniferri,-0.398232,39.49599
Beniferri,-0.398458,39.4962
Beniferri,-0.398813,39.49652
Beniferri,-0.399539,39.49715
Beniferri,-0.400341,39.49785
Beniferri,-0.401004,39.49844
Beniferri,-0.401165,39.49859
Beniferri,-0.40143,39.49883
Beniferri,-0.401521,39.49891
Beniferri,-0.401746,39.4988
El Calvari,-0.38721,39.48637
El Calvari,-0.387037,39.48645
El Calvari,-0.388157,39.48735
El Calvari,-0.389402,39.48851
El Calvari,-0.389523,39.48863
El Calvari,-0.390189,39.48834
El Calvari,-0.390517,39.4882
El Calvari,-0.391423,39.48783
El Calvari,-0.392352,39.48745
El Calvari,-0.392703,39.4873
El Calvari,-0.393479,39.48696
El Calvari,-0.393403,39.48686
El Calvari,-0.393105,39.48648
El Calvari,-0.392827,39.48611
El Calvari,-0.392555,39.48576
El Calvari,-0.391199,39.48634
El Calvari,-0.390482,39.48614
El Calvari,-0.390185,39.48574
El Calvari,-0.389836,39.48526
El Calvari,-0.38916,39.48552
El Calvari,-0.388867,39.48511
El Calvari,-0.38824,39.48538
El Calvari,-0.388245,39.48562
El Calvari,-0.388179,39.48603
El Calvari,-0.387981,39.48606
El Calvari,-0.38721,39.48637
Campanar,-0.397349,39.47625
Campanar,-0.396877,39.47647
Campanar,-0.395513,39.47707
Campanar,-0.394806,39.47738
Campanar,-0.393253,39.47806
Campanar,-0.391515,39.47876
Campanar,-0.391013,39.47896
Campanar,-0.388801,39.47961
Campanar,-0.386777,39.48052
Campanar,-0.387005,39.48084
Campanar,-0.388599,39.48309
Campanar,-0.388813,39.48339
Campanar,-0.388605,39.48361
Campanar,-0.38799,39.48389
Campanar,-0.388008,39.48391
Campanar,-0.388867,39.48511
Campanar,-0.38916,39.48552
Campanar,-0.389836,39.48526
Campanar,-0.390071,39.48558
Campanar,-0.390197,39.48576
Campanar,-0.390388,39.48601
Campanar,-0.390482,39.48614
Campanar,-0.391193,39.48633
Campanar,-0.392104,39.48595
Campanar,-0.394903,39.48475
Campanar,-0.395302,39.48459
Campanar,-0.395752,39.48521
Campanar,-0.396162,39.48577
Campanar,-0.396662,39.48556
Campanar,-0.39766,39.48513
Campanar,-0.398217,39.48489
Campanar,-0.399464,39.48436
Campanar,-0.400214,39.48403
Campanar,-0.400561,39.48387
Campanar,-0.401073,39.48359
Campanar,-0.401636,39.48333
Campanar,-0.401661,39.48332
Campanar,-0.401173,39.48258
Campanar,-0.401152,39.48255
Campanar,-0.399774,39.48056
Campanar,-0.398599,39.47888
Campanar,-0.399333,39.47856
Campanar,-0.399815,39.47842
Campanar,-0.400032,39.47836
Campanar,-0.399726,39.47731
Campanar,-0.399203,39.47577
Campanar,-0.39795,39.47604
Campanar,-0.397349,39.47625
Sant Pau,-0.396162,39.48577
Sant Pau,-0.397048,39.48701
Sant Pau,-0.398979,39.48972
Sant Pau,-0.40187,39.49375
Sant Pau,-0.402492,39.49463
Sant Pau,-0.403367,39.49419
Sant Pau,-0.404181,39.49383
Sant Pau,-0.405425,39.49329
Sant Pau,-0.406856,39.49273
Sant Pau,-0.407354,39.49341
Sant Pau,-0.407874,39.49418
Sant Pau,-0.40823,39.4947
Sant Pau,-0.409395,39.49627
Sant Pau,-0.413696,39.49596
Sant Pau,-0.415591,39.49597
Sant Pau,-0.41915,39.49602
Sant Pau,-0.423645,39.49518
Sant Pau,-0.425575,39.49423
Sant Pau,-0.426185,39.49363
Sant Pau,-0.424709,39.49125
Sant Pau,-0.426002,39.48797
Sant Pau,-0.422119,39.48601
Sant Pau,-0.413033,39.48253
Sant Pau,-0.41027,39.48143
Sant Pau,-0.40732,39.48097
Sant Pau,-0.406732,39.4819
Sant Pau,-0.406554,39.48239
Sant Pau,-0.404601,39.48324
Sant Pau,-0.403986,39.48236
Sant Pau,-0.402731,39.48291
Sant Pau,-0.401636,39.48333
Sant Pau,-0.401072,39.48359
Sant Pau,-0.40056,39.48387
Sant Pau,-0.400211,39.48403
Sant Pau,-0.399525,39.48433
Sant Pau,-0.397656,39.48514
Sant Pau,-0.396162,39.48577
Malilla,-0.370803,39.44984
Malilla,-0.370904,39.44999
Malilla,-0.371072,39.45023
Malilla,-0.371471,39.45077
Malilla,-0.371636,39.45101
Malilla,-0.372456,39.4522
Malilla,-0.373453,39.45363
Malilla,-0.375529,39.45658
Malilla,-0.375661,39.45677
Malilla,-0.375763,39.45692
Malilla,-0.376454,39.45663
Malilla,-0.377651,39.45612
Malilla,-0.378488,39.45578
Malilla,-0.379608,39.45533
Malilla,-0.380881,39.45534
Malilla,-0.380885,39.4553
Malilla,-0.381052,39.45478
Malilla,-0.381798,39.45262
Malilla,-0.382501,39.45065
Malilla,-0.383759,39.44687
Malilla,-0.384208,39.4456
Malilla,-0.384489,39.44481
Malilla,-0.385203,39.44249
Malilla,-0.38565,39.44105
Malilla,-0.385857,39.44039
Malilla,-0.387143,39.4362
Malilla,-0.384876,39.43601
Malilla,-0.382831,39.43575
Malilla,-0.374693,39.43493
Malilla,-0.372601,39.4347
Malilla,-0.370413,39.43449
Malilla,-0.36974,39.43966
Malilla,-0.369527,39.44131
Malilla,-0.368864,39.44616
Malilla,-0.36909,39.44716
Malilla,-0.369333,39.44768
Malilla,-0.36954,39.44801
Malilla,-0.370154,39.44893
Malilla,-0.370803,39.44984
Ciutat de les Arts i de les Ciencies,-0.345131,39.45392
Ciutat de les Arts i de les Ciencies,-0.346473,39.45452
Ciutat de les Arts i de les Ciencies,-0.347295,39.45488
Ciutat de les Arts i de les Ciencies,-0.348785,39.45553
Ciutat de les Arts i de les Ciencies,-0.349472,39.45582
Ciutat de les Arts i de les Ciencies,-0.349816,39.45598
Ciutat de les Arts i de les Ciencies,-0.350663,39.4565
Ciutat de les Arts i de les Ciencies,-0.351468,39.457
Ciutat de les Arts i de les Ciencies,-0.354049,39.45856
Ciutat de les Arts i de les Ciencies,-0.354094,39.45859
Ciutat de les Arts i de les Ciencies,-0.355157,39.45899
Ciutat de les Arts i de les Ciencies,-0.356754,39.4596
Ciutat de les Arts i de les Ciencies,-0.357205,39.45937
Ciutat de les Arts i de les Ciencies,-0.358183,39.45882
Ciutat de les Arts i de les Ciencies,-0.358265,39.4583
Ciutat de les Arts i de les Ciencies,-0.358321,39.45819
Ciutat de les Arts i de les Ciencies,-0.359321,39.45698
Ciutat de les Arts i de les Ciencies,-0.359665,39.45657
Ciutat de les Arts i de les Ciencies,-0.360632,39.45543
Ciutat de les Arts i de les Ciencies,-0.361371,39.45456
Ciutat de les Arts i de les Ciencies,-0.361677,39.45421
Ciutat de les Arts i de les Ciencies,-0.362234,39.45396
Ciutat de les Arts i de les Ciencies,-0.362558,39.4535
Ciutat de les Arts i de les Ciencies,-0.362982,39.45287
Ciutat de les Arts i de les Ciencies,-0.364283,39.4513
Ciutat de les Arts i de les Ciencies,-0.364772,39.45074
Ciutat de les Arts i de les Ciencies,-0.365633,39.44975
Ciutat de les Arts i de les Ciencies,-0.366944,39.44827
Ciutat de les Arts i de les Ciencies,-0.367525,39.44799
Ciutat de les Arts i de les Ciencies,-0.367969,39.4478
Ciutat de les Arts i de les Ciencies,-0.367834,39.44757
Ciutat de les Arts i de les Ciencies,-0.367287,39.44678
Ciutat de les Arts i de les Ciencies,-0.36665,39.44708
Ciutat de les Arts i de les Ciencies,-0.365419,39.44758
Ciutat de les Arts i de les Ciencies,-0.360877,39.44947
Ciutat de les Arts i de les Ciencies,-0.355103,39.45184
Ciutat de les Arts i de les Ciencies,-0.353515,39.45249
Ciutat de les Arts i de les Ciencies,-0.351736,39.45336
Ciutat de les Arts i de les Ciencies,-0.347691,39.45213
Ciutat de les Arts i de les Ciencies,-0.345704,39.45172
Ciutat de les Arts i de les Ciencies,-0.342041,39.45104
Ciutat de les Arts i de les Ciencies,-0.341618,39.45108
Ciutat de les Arts i de les Ciencies,-0.341699,39.45393
Ciutat de les Arts i de les Ciencies,-0.3419,39.45394
Ciutat de les Arts i de les Ciencies,-0.345131,39.45392
Na Rovella,-0.358183,39.45882
Na Rovella,-0.360177,39.45799
Na Rovella,-0.361407,39.45743
Na Rovella,-0.362015,39.45719
Na Rovella,-0.36329,39.45665
Na Rovella,-0.365443,39.45573
Na Rovella,-0.366815,39.45515
Na Rovella,-0.368897,39.45428
Na Rovella,-0.36961,39.45398
Na Rovella,-0.369968,39.45382
Na Rovella,-0.371417,39.45322
Na Rovella,-0.371501,39.45319
Na Rovella,-0.37112,39.45242
Na Rovella,-0.371636,39.45101
Na Rovella,-0.37148,39.45078
Na Rovella,-0.371023,39.45016
Na Rovella,-0.370792,39.44982
Na Rovella,-0.370302,39.44913
Na Rovella,-0.370154,39.44893
Na Rovella,-0.369443,39.44785
Na Rovella,-0.368587,39.44821
Na Rovella,-0.368337,39.44831
Na Rovella,-0.367969,39.4478
Na Rovella,-0.367513,39.448
Na Rovella,-0.366945,39.44827
Na Rovella,-0.366428,39.44885
Na Rovella,-0.365609,39.44978
Na Rovella,-0.364174,39.45143
Na Rovella,-0.362979,39.45288
Na Rovella,-0.362233,39.45396
Na Rovella,-0.361676,39.45421
Na Rovella,-0.361307,39.45463
Na Rovella,-0.359352,39.45694
Na Rovella,-0.358321,39.45819
Na Rovella,-0.358265,39.45831
Na Rovella,-0.358183,39.45882
Fonteta de Sant Lluìs,-0.369441,39.44785
Fonteta de Sant Lluìs,-0.369332,39.44768
Fonteta de Sant Lluìs,-0.369092,39.44717
Fonteta de Sant Lluìs,-0.368955,39.44656
Fonteta de Sant Lluìs,-0.368864,39.44616
Fonteta de Sant Lluìs,-0.369149,39.44408
Fonteta de Sant Lluìs,-0.369397,39.44227
Fonteta de Sant Lluìs,-0.369546,39.44117
Fonteta de Sant Lluìs,-0.366035,39.44085
Fonteta de Sant Lluìs,-0.362192,39.44042
Fonteta de Sant Lluìs,-0.361811,39.44162
Fonteta de Sant Lluìs,-0.361746,39.44287
Fonteta de Sant Lluìs,-0.361112,39.44364
Fonteta de Sant Lluìs,-0.361282,39.44384
Fonteta de Sant Lluìs,-0.361722,39.44413
Fonteta de Sant Lluìs,-0.361828,39.44425
Fonteta de Sant Lluìs,-0.362057,39.4445
Fonteta de Sant Lluìs,-0.362376,39.44497
Fonteta de Sant Lluìs,-0.362665,39.44511
Fonteta de Sant Lluìs,-0.364539,39.4463
Fonteta de Sant Lluìs,-0.364735,39.44642
Fonteta de Sant Lluìs,-0.365861,39.44687
Fonteta de Sant Lluìs,-0.366329,39.44706
Fonteta de Sant Lluìs,-0.36665,39.44708
Fonteta de Sant Lluìs,-0.367287,39.44678
Fonteta de Sant Lluìs,-0.36783,39.44756
Fonteta de Sant Lluìs,-0.367969,39.4478
Fonteta de Sant Lluìs,-0.368073,39.44794
Fonteta de Sant Lluìs,-0.368338,39.44831
Fonteta de Sant Lluìs,-0.369441,39.44785
Playa de la Malvarrosa,-0.323698,39.47462
Playa de la Malvarrosa,-0.322559,39.47466
Playa de la Malvarrosa,-0.322749,39.4759
Playa de la Malvarrosa,-0.32289,39.47824
Playa de la Malvarrosa,-0.32308,39.48012
Playa de la Malvarrosa,-0.323197,39.48121
Playa de la Malvarrosa,-0.323222,39.482
Playa de la Malvarrosa,-0.323252,39.48291
Playa de la Malvarrosa,-0.323314,39.48414
Playa de la Malvarrosa,-0.324306,39.48417
Playa de la Malvarrosa,-0.324013,39.48469
Playa de la Malvarrosa,-0.327512,39.4845
Playa de la Malvarrosa,-0.331325,39.48646
Playa de la Malvarrosa,-0.331611,39.48514
Playa de la Malvarrosa,-0.332072,39.48315
Playa de la Malvarrosa,-0.332161,39.48277
Playa de la Malvarrosa,-0.332198,39.48261
Playa de la Malvarrosa,-0.332236,39.48241
Playa de la Malvarrosa,-0.332557,39.48071
Playa de la Malvarrosa,-0.332635,39.48028
Playa de la Malvarrosa,-0.333267,39.47704
Playa de la Malvarrosa,-0.333399,39.47637
Playa de la Malvarrosa,-0.332294,39.47606
Playa de la Malvarrosa,-0.331414,39.47582
Playa de la Malvarrosa,-0.330457,39.47554
Playa de la Malvarrosa,-0.329426,39.47521
Playa de la Malvarrosa,-0.329037,39.47509
Playa de la Malvarrosa,-0.327596,39.47472
Playa de la Malvarrosa,-0.32603,39.4746
Playa de la Malvarrosa,-0.325412,39.47453
Playa de la Malvarrosa,-0.323698,39.47462
Arrancapins,-0.380885,39.4553
Arrancapins,-0.380845,39.45577
Arrancapins,-0.380726,39.45636
Arrancapins,-0.380614,39.45682
Arrancapins,-0.380237,39.45795
Arrancapins,-0.379365,39.46043
Arrancapins,-0.378445,39.46317
Arrancapins,-0.378938,39.4632
Arrancapins,-0.379607,39.46326
Arrancapins,-0.380121,39.46348
Arrancapins,-0.380579,39.46399
Arrancapins,-0.381188,39.46495
Arrancapins,-0.382579,39.46696
Arrancapins,-0.384124,39.46917
Arrancapins,-0.384907,39.47034
Arrancapins,-0.385751,39.47143
Arrancapins,-0.386091,39.47192
Arrancapins,-0.386238,39.47178
Arrancapins,-0.386415,39.47161
Arrancapins,-0.387344,39.47085
Arrancapins,-0.387922,39.47036
Arrancapins,-0.388282,39.47006
Arrancapins,-0.388445,39.46992
Arrancapins,-0.388658,39.46966
Arrancapins,-0.389711,39.46944
Arrancapins,-0.390062,39.46937
Arrancapins,-0.39116,39.46913
Arrancapins,-0.391545,39.46905
Arrancapins,-0.38669,39.46236
Arrancapins,-0.385227,39.46022
Arrancapins,-0.384646,39.45936
Arrancapins,-0.383148,39.46004
Arrancapins,-0.383055,39.45997
Arrancapins,-0.382907,39.45986
Arrancapins,-0.383139,39.45916
Arrancapins,-0.383385,39.45839
Arrancapins,-0.383551,39.45789
Arrancapins,-0.382985,39.45713
Arrancapins,-0.382253,39.45616
Arrancapins,-0.381975,39.45579
Arrancapins,-0.381353,39.45544
Arrancapins,-0.38108,39.45536
Arrancapins,-0.380885,39.4553
Camí Reial,-0.387952,39.44274
Camí Reial,-0.388191,39.44256
Camí Reial,-0.388423,39.44246
Camí Reial,-0.388938,39.44238
Camí Reial,-0.389423,39.44234
Camí Reial,-0.39026,39.44235
Camí Reial,-0.391755,39.44233
Camí Reial,-0.392498,39.44225
Camí Reial,-0.392868,39.4422
Camí Reial,-0.393726,39.44187
Camí Reial,-0.394325,39.44207
Camí Reial,-0.393715,39.44359
Camí Reial,-0.393631,39.44381
Camí Reial,-0.393421,39.44441
Camí Reial,-0.392686,39.4463
Camí Reial,-0.392431,39.44696
Camí Reial,-0.392329,39.44723
Camí Reial,-0.392263,39.44741
Camí Reial,-0.392319,39.44765
Camí Reial,-0.393231,39.44763
Camí Reial,-0.394031,39.44762
Camí Reial,-0.394749,39.44761
Camí Reial,-0.39597,39.44757
Camí Reial,-0.396061,39.4479
Camí Reial,-0.39602,39.44809
Camí Reial,-0.395576,39.44877
Camí Reial,-0.394874,39.44977
Camí Reial,-0.395344,39.45013
Camí Reial,-0.396522,39.45105
Camí Reial,-0.397011,39.45143
Camí Reial,-0.39767,39.45194
Camí Reial,-0.398194,39.45236
Camí Reial,-0.398394,39.45252
Camí Reial,-0.397385,39.45403
Camí Reial,-0.398314,39.45463
Camí Reial,-0.3996,39.45356
Camí Reial,-0.401739,39.45178
Camí Reial,-0.402655,39.45099
Camí Reial,-0.40368,39.44994
Camí Reial,-0.404112,39.44948
Camí Reial,-0.405237,39.44828
Camí Reial,-0.405598,39.44774
Camí Reial,-0.406291,39.4467
Camí Reial,-0.405446,39.44546
Camí Reial,-0.401405,39.44196
Camí Reial,-0.398078,39.43999
Camí Reial,-0.396291,39.43893
Camí Reial,-0.393882,39.43818
Camí Reial,-0.389905,39.43701
Camí Reial,-0.388039,39.43644
Camí Reial,-0.387144,39.4362
Camí Reial,-0.386535,39.4382
Camí Reial,-0.386428,39.43851
Camí Reial,-0.386182,39.43935
Camí Reial,-0.386091,39.43964
Camí Reial,-0.385606,39.44119
Camí Reial,-0.385417,39.44181
Camí Reial,-0.384759,39.44391
Camí Reial,-0.384472,39.44486
Camí Reial,-0.383795,39.44676
Camí Reial,-0.384916,39.44699
Camí Reial,-0.385478,39.44707
Camí Reial,-0.386087,39.44717
Camí Reial,-0.386141,39.44703
Camí Reial,-0.386356,39.44646
Camí Reial,-0.386571,39.44588
Camí Reial,-0.386797,39.44533
Camí Reial,-0.386958,39.44493
Camí Reial,-0.387604,39.44333
Camí Reial,-0.387758,39.44303
Camí Reial,-0.387952,39.44274
El Grau,-0.330354,39.46287
El Grau,-0.330498,39.46289
El Grau,-0.331107,39.46291
El Grau,-0.33174,39.46297
El Grau,-0.332507,39.46306
El Grau,-0.333114,39.46315
El Grau,-0.333655,39.46321
El Grau,-0.334846,39.46336
El Grau,-0.335255,39.46341
El Grau,-0.335797,39.4635
El Grau,-0.336453,39.46362
El Grau,-0.336641,39.46368
El Grau,-0.337248,39.46292
El Grau,-0.338056,39.46224
El Grau,-0.338376,39.46198
El Grau,-0.338667,39.46176
El Grau,-0.33922,39.4614
El Grau,-0.340077,39.46084
El Grau,-0.340658,39.45853
El Grau,-0.340842,39.45781
El Grau,-0.341036,39.45707
El Grau,-0.341397,39.45559
El Grau,-0.341699,39.45393
El Grau,-0.340953,39.45403
El Grau,-0.339466,39.45422
El Grau,-0.337974,39.45441
El Grau,-0.337252,39.4545
El Grau,-0.336229,39.45463
El Grau,-0.334644,39.45484
El Grau,-0.334305,39.45477
El Grau,-0.33302,39.4546
El Grau,-0.332496,39.45413
El Grau,-0.331611,39.45334
El Grau,-0.329998,39.45154
El Grau,-0.328268,39.44941
El Grau,-0.327989,39.44901
El Grau,-0.327668,39.44845
El Grau,-0.327597,39.44689
El Grau,-0.327705,39.44628
El Grau,-0.327771,39.44476
El Grau,-0.32843,39.44454
El Grau,-0.329139,39.44423
El Grau,-0.33002,39.44362
El Grau,-0.33203,39.44132
El Grau,-0.33345,39.43968
El Grau,-0.334395,39.43833
El Grau,-0.33499,39.43808
El Grau,-0.336441,39.43797
El Grau,-0.336617,39.43565
El Grau,-0.336419,39.43202
El Grau,-0.336195,39.42761
El Grau,-0.337398,39.42518
El Grau,-0.328673,39.42362
El Grau,-0.31562,39.41878
El Grau,-0.29978,39.4247
El Grau,-0.297109,39.43003
El Grau,-0.299428,39.43554
El Grau,-0.299926,39.44186
El Grau,-0.300157,39.44451
El Grau,-0.300524,39.44733
El Grau,-0.300953,39.45102
El Grau,-0.3039,39.45676
El Grau,-0.305534,39.46021
El Grau,-0.306847,39.46275
El Grau,-0.322193,39.46303
El Grau,-0.325517,39.46316
El Grau,-0.326974,39.46316
El Grau,-0.32794,39.46308
El Grau,-0.328357,39.46302
El Grau,-0.3296,39.46279
El Grau,-0.330354,39.46287
La Carrasca,-0.354578,39.47857
La Carrasca,-0.352641,39.47793
La Carrasca,-0.35152,39.47766
La Carrasca,-0.351453,39.47777
La Carrasca,-0.3513,39.47811
La Carrasca,-0.35129,39.47823
La Carrasca,-0.350595,39.47822
La Carrasca,-0.349991,39.47822
La Carrasca,-0.348455,39.47824
La Carrasca,-0.348526,39.4773
La Carrasca,-0.347351,39.47729
La Carrasca,-0.346716,39.47729
La Carrasca,-0.346449,39.47729
La Carrasca,-0.346706,39.47668
La Carrasca,-0.347196,39.47551
La Carrasca,-0.345984,39.47512
La Carrasca,-0.344476,39.47472
La Carrasca,-0.343265,39.47441
La Carrasca,-0.342387,39.47417
La Carrasca,-0.341094,39.47381
La Carrasca,-0.340023,39.47353
La Carrasca,-0.340213,39.47312
La Carrasca,-0.340717,39.47216
La Carrasca,-0.339913,39.47191
La Carrasca,-0.340134,39.47139
La Carrasca,-0.338856,39.47101
La Carrasca,-0.338277,39.47082
La Carrasca,-0.337527,39.47231
La Carrasca,-0.337421,39.47252
La Carrasca,-0.337438,39.4729
La Carrasca,-0.337016,39.47371
La Carrasca,-0.336558,39.47464
La Carrasca,-0.33612,39.47554
La Carrasca,-0.335868,39.47609
La Carrasca,-0.335556,39.47669
La Carrasca,-0.333456,39.47607
La Carrasca,-0.33328,39.47697
La Carrasca,-0.333153,39.47763
La Carrasca,-0.332986,39.47848
La Carrasca,-0.332773,39.4796
La Carrasca,-0.332652,39.48019
La Carrasca,-0.332419,39.48145
La Carrasca,-0.332201,39.4826
La Carrasca,-0.33182,39.48423
La Carrasca,-0.331602,39.48518
La Carrasca,-0.331325,39.48646
La Carrasca,-0.333953,39.48772
La Carrasca,-0.336675,39.48608
La Carrasca,-0.338855,39.48655
La Carrasca,-0.34022,39.48686
La Carrasca,-0.341128,39.48705
La Carrasca,-0.341762,39.48719
La Carrasca,-0.342246,39.48731
La Carrasca,-0.342707,39.48703
La Carrasca,-0.343529,39.48651
La Carrasca,-0.344686,39.48578
La Carrasca,-0.347247,39.48416
La Carrasca,-0.349758,39.48257
La Carrasca,-0.350585,39.48205
La Carrasca,-0.351457,39.48153
La Carrasca,-0.35195,39.48124
La Carrasca,-0.352139,39.48112
La Carrasca,-0.352703,39.48077
La Carrasca,-0.352985,39.4805
La Carrasca,-0.353275,39.4802
La Carrasca,-0.353892,39.47961
La Carrasca,-0.35413,39.47937
La Carrasca,-0.354578,39.47857
La Punta,-0.369365,39.44115
La Punta,-0.369546,39.44117
La Punta,-0.369799,39.43921
La Punta,-0.370412,39.43449
La Punta,-0.365634,39.43462
La Punta,-0.362314,39.43465
La Punta,-0.353025,39.43167
La Punta,-0.349199,39.43035
La Punta,-0.343492,39.42834
La Punta,-0.33711,39.42576
La Punta,-0.336195,39.42762
La Punta,-0.336232,39.42854
La Punta,-0.336302,39.43004
La Punta,-0.33641,39.43189
La Punta,-0.336544,39.4342
La Punta,-0.336618,39.43569
La Punta,-0.336512,39.43711
La Punta,-0.336445,39.43789
La Punta,-0.33642,39.43834
La Punta,-0.336228,39.44039
La Punta,-0.336147,39.44109
La Punta,-0.335982,39.44231
La Punta,-0.335888,39.44323
La Punta,-0.335756,39.44466
La Punta,-0.335668,39.44549
La Punta,-0.33558,39.44651
La Punta,-0.335355,39.44835
La Punta,-0.335634,39.4484
La Punta,-0.335513,39.44938
La Punta,-0.3354,39.45016
La Punta,-0.335142,39.45189
La Punta,-0.334901,39.4533
La Punta,-0.334645,39.45484
La Punta,-0.335899,39.45468
La Punta,-0.339139,39.45427
La Punta,-0.341698,39.45393
La Punta,-0.341619,39.45108
La Punta,-0.342043,39.45104
La Punta,-0.345666,39.45172
La Punta,-0.347691,39.45213
La Punta,-0.349689,39.45273
La Punta,-0.351733,39.45336
La Punta,-0.353518,39.45249
La Punta,-0.359895,39.44987
La Punta,-0.362104,39.44896
La Punta,-0.363937,39.4482
La Punta,-0.36665,39.44708
La Punta,-0.366329,39.44706
La Punta,-0.364731,39.44642
La Punta,-0.364522,39.44629
La Punta,-0.362671,39.44511
La Punta,-0.362376,39.44497
La Punta,-0.362304,39.44486
La Punta,-0.362058,39.4445
La Punta,-0.361722,39.44413
La Punta,-0.361282,39.44384
La Punta,-0.361112,39.44364
La Punta,-0.36145,39.44323
La Punta,-0.361746,39.44287
La Punta,-0.361811,39.44163
La Punta,-0.362192,39.44042
La Punta,-0.364341,39.44066
La Punta,-0.366062,39.44085
La Punta,-0.36867,39.44109
La Punta,-0.369365,39.44115
Sant Llorenç,-0.369619,39.50047
Sant Llorenç,-0.36973,39.5002
Sant Llorenç,-0.369104,39.50005
Sant Llorenç,-0.368325,39.49987
Sant Llorenç,-0.368898,39.49853
Sant Llorenç,-0.369214,39.49778
Sant Llorenç,-0.36756,39.49728
Sant Llorenç,-0.368182,39.49665
Sant Llorenç,-0.366258,39.4952
Sant Llorenç,-0.366546,39.49499
Sant Llorenç,-0.366697,39.495
Sant Llorenç,-0.36736,39.49553
Sant Llorenç,-0.368653,39.49435
Sant Llorenç,-0.368155,39.49401
Sant Llorenç,-0.368024,39.49392
Sant Llorenç,-0.367885,39.49382
Sant Llorenç,-0.367242,39.49335
Sant Llorenç,-0.368021,39.49276
Sant Llorenç,-0.368559,39.49232
Sant Llorenç,-0.369151,39.49184
Sant Llorenç,-0.368488,39.49138
Sant Llorenç,-0.368058,39.49105
Sant Llorenç,-0.368908,39.49032
Sant Llorenç,-0.369094,39.49015
Sant Llorenç,-0.368282,39.48953
Sant Llorenç,-0.36736,39.48883
Sant Llorenç,-0.367149,39.48867
Sant Llorenç,-0.366449,39.48907
Sant Llorenç,-0.365959,39.48935
Sant Llorenç,-0.365545,39.4896
Sant Llorenç,-0.365388,39.48969
Sant Llorenç,-0.365139,39.48949
Sant Llorenç,-0.364742,39.48922
Sant Llorenç,-0.365023,39.489
Sant Llorenç,-0.3653,39.4888
Sant Llorenç,-0.365448,39.48872
Sant Llorenç,-0.365767,39.48854
Sant Llorenç,-0.366107,39.48845
Sant Llorenç,-0.365319,39.48786
Sant Llorenç,-0.365083,39.48768
Sant Llorenç,-0.364817,39.48748
Sant Llorenç,-0.364152,39.48699
Sant Llorenç,-0.363985,39.48686
Sant Llorenç,-0.363405,39.48733
Sant Llorenç,-0.362955,39.48769
Sant Llorenç,-0.362804,39.48779
Sant Llorenç,-0.363044,39.48798
Sant Llorenç,-0.362529,39.48838
Sant Llorenç,-0.362311,39.48859
Sant Llorenç,-0.361538,39.48855
Sant Llorenç,-0.360984,39.48853
Sant Llorenç,-0.360505,39.48851
Sant Llorenç,-0.36043,39.4887
Sant Llorenç,-0.359409,39.49074
Sant Llorenç,-0.359095,39.4914
Sant Llorenç,-0.358966,39.49164
Sant Llorenç,-0.358761,39.49216
Sant Llorenç,-0.357904,39.49374
Sant Llorenç,-0.357705,39.49419
Sant Llorenç,-0.357364,39.495
Sant Llorenç,-0.355721,39.49707
Sant Llorenç,-0.356733,39.49748
Sant Llorenç,-0.357051,39.49776
Sant Llorenç,-0.356891,39.49797
Sant Llorenç,-0.355661,39.49889
Sant Llorenç,-0.354828,39.5
Sant Llorenç,-0.35605,39.50064
Sant Llorenç,-0.356633,39.50105
Sant Llorenç,-0.356175,39.50172
Sant Llorenç,-0.3599,39.5034
Sant Llorenç,-0.360908,39.50202
Sant Llorenç,-0.363557,39.50332
Sant Llorenç,-0.364638,39.50379
Sant Llorenç,-0.365795,39.50429
Sant Llorenç,-0.366148,39.50382
Sant Llorenç,-0.36688,39.50411
Sant Llorenç,-0.367043,39.50386
Sant Llorenç,-0.367343,39.50341
Sant Llorenç,-0.367701,39.50332
Sant Llorenç,-0.368249,39.50183
Sant Llorenç,-0.368584,39.50185
Sant Llorenç,-0.369284,39.50109
Sant Llorenç,-0.369619,39.50047
El Mercat,-0.379653,39.47198
El Mercat,-0.379214,39.47187
El Mercat,-0.378894,39.47162
El Mercat,-0.378465,39.47142
El Mercat,-0.377794,39.47096
El Mercat,-0.376512,39.47263
El Mercat,-0.376351,39.47284
El Mercat,-0.375627,39.47379
El Mercat,-0.376661,39.4739
El Mercat,-0.376711,39.47391
El Mercat,-0.376723,39.47399
El Mercat,-0.376819,39.47421
El Mercat,-0.377047,39.47438
El Mercat,-0.376876,39.4753
El Mercat,-0.376867,39.47536
El Mercat,-0.377667,39.47537
El Mercat,-0.377715,39.47556
El Mercat,-0.378114,39.47566
El Mercat,-0.378282,39.47569
El Mercat,-0.378461,39.47566
El Mercat,-0.378606,39.47563
El Mercat,-0.378781,39.4756
El Mercat,-0.379124,39.47561
El Mercat,-0.379284,39.4756
El Mercat,-0.379298,39.47563
El Mercat,-0.379189,39.47594
El Mercat,-0.37915,39.47622
El Mercat,-0.379156,39.47655
El Mercat,-0.379171,39.47655
El Mercat,-0.379347,39.47652
El Mercat,-0.379807,39.47643
El Mercat,-0.38035,39.47631
El Mercat,-0.381101,39.47622
El Mercat,-0.381095,39.47613
El Mercat,-0.381067,39.47579
El Mercat,-0.381055,39.47565
El Mercat,-0.381038,39.47541
El Mercat,-0.380799,39.47537
El Mercat,-0.380947,39.47512
El Mercat,-0.381216,39.47466
El Mercat,-0.381279,39.47443
El Mercat,-0.381222,39.47407
El Mercat,-0.381191,39.47373
El Mercat,-0.381123,39.4736
El Mercat,-0.381035,39.47345
El Mercat,-0.380398,39.47322
El Mercat,-0.380713,39.47284
El Mercat,-0.380892,39.47258
El Mercat,-0.381016,39.47243
El Mercat,-0.380953,39.47228
El Mercat,-0.380215,39.47235
El Mercat,-0.37975,39.47241
El Mercat,-0.379736,39.47199
El Mercat,-0.379653,39.47198
La Xerea,-0.374243,39.47354
La Xerea,-0.374268,39.47315
La Xerea,-0.374382,39.47289
La Xerea,-0.374446,39.47274
La Xerea,-0.374715,39.47284
La Xerea,-0.37484,39.47288
La Xerea,-0.375238,39.47301
La Xerea,-0.375324,39.47287
La Xerea,-0.375388,39.47278
La Xerea,-0.37552,39.47258
La Xerea,-0.37556,39.47228
La Xerea,-0.375561,39.4721
La Xerea,-0.375309,39.47136
La Xerea,-0.374648,39.47186
La Xerea,-0.374386,39.47194
La Xerea,-0.374229,39.4719
La Xerea,-0.373767,39.47186
La Xerea,-0.372507,39.47151
La Xerea,-0.371833,39.47147
La Xerea,-0.371622,39.47235
La Xerea,-0.370897,39.47224
La Xerea,-0.370744,39.47283
La Xerea,-0.370151,39.47269
La Xerea,-0.369941,39.47228
La Xerea,-0.36914,39.472
La Xerea,-0.368964,39.47184
La Xerea,-0.368284,39.47186
La Xerea,-0.368049,39.47203
La Xerea,-0.367995,39.47225
La Xerea,-0.366841,39.47273
La Xerea,-0.365207,39.47347
La Xerea,-0.366431,39.47499
La Xerea,-0.367281,39.47606
La Xerea,-0.368125,39.4771
La Xerea,-0.368802,39.47754
La Xerea,-0.369426,39.4779
La Xerea,-0.369664,39.47804
La Xerea,-0.369925,39.47819
La Xerea,-0.37025,39.47839
La Xerea,-0.370406,39.47848
La Xerea,-0.370877,39.47771
La Xerea,-0.371249,39.4771
La Xerea,-0.371627,39.47675
La Xerea,-0.372922,39.47694
La Xerea,-0.372963,39.47682
La Xerea,-0.373124,39.47663
La Xerea,-0.373237,39.47628
La Xerea,-0.373443,39.47631
La Xerea,-0.37346,39.47589
La Xerea,-0.373573,39.47549
La Xerea,-0.373674,39.47536
La Xerea,-0.373813,39.47539
La Xerea,-0.37414,39.47485
La Xerea,-0.374193,39.47473
La Xerea,-0.374243,39.47452
La Xerea,-0.374271,39.47446
La Xerea,-0.374382,39.47435
La Xerea,-0.374553,39.47401
La Xerea,-0.374202,39.47391
La Xerea,-0.374186,39.47354
La Xerea,-0.374243,39.47354
