NEIGHBORHOOD,GEO_SHAPE,REAL_ESTATE_TOTAL,UNITPRICE_MEAN,PRICE_MEAN,AGE_MEAN,QUALITY_MEAN
La Seu,"MULTIPOLYGON (((-0.373611 39.4805, -0.374036 39.47998, -0.374526 39.47938, -0.374808 39.47902, -0.374887 39.47897, -0.376133 39.47896, -0.37686 39.4774, -0.376889 39.47732, -0.376875 39.47661, -0.378275 39.47665, -0.378982 39.47657, -0.379086 39.47656, -0.379156 39.47655, -0.37915 39.47622, -0.379189 39.47594, -0.379298 39.47563, -0.379284 39.4756, -0.379124 39.47561, -0.378781 39.4756, -0.378583 39.47564, -0.378461 39.47566, -0.378282 39.47569, -0.378108 39.47565, -0.377892 39.47561, -0.377715 39.47556, -0.377667 39.47537, -0.376867 39.47536, -0.376928 39.47502, -0.377047 39.47438, -0.376819 39.47421, -0.376723 39.47399, -0.376711 39.47391, -0.375627 39.47379, -0.375623 39.47379, -0.374818 39.47364, -0.374242 39.47354, -0.374186 39.47354, -0.374202 39.47391, -0.374553 39.47401, -0.374382 39.47435, -0.374271 39.47446, -0.374243 39.47452, -0.374193 39.47472, -0.37414 39.47485, -0.373813 39.47539, -0.373674 39.47536, -0.373573 39.47549, -0.37354 39.47561, -0.37346 39.47589, -0.373444 39.47631, -0.373237 39.47628, -0.373124 39.47663, -0.372963 39.47682, -0.372923 39.47694, -0.371627 39.47675, -0.371249 39.4771, -0.370837 39.47777, -0.370406 39.47848, -0.371316 39.4789, -0.372102 39.47971, -0.372747 39.48, -0.37318 39.48024, -0.373524 39.48043, -0.373611 39.4805)))",250,2764.64,324652.0,73.0,4.76
Sant Francesc,"MULTIPOLYGON (((-0.379736 39.47199, -0.37971 39.47125, -0.380649 39.47099, -0.381237 39.47087, -0.382049 39.47094, -0.382712 39.47093, -0.38361 39.47064, -0.383432 39.47036, -0.383407 39.47035, -0.382377 39.46959, -0.381346 39.46879, -0.380574 39.46851, -0.379966 39.46827, -0.378526 39.46791, -0.376967 39.46755, -0.375592 39.46721, -0.374937 39.46716, -0.374915 39.46716, -0.374911 39.46715, -0.374827 39.46715, -0.374272 39.46753, -0.373777 39.46789, -0.372755 39.46862, -0.371901 39.46923, -0.371284 39.46971, -0.370478 39.47033, -0.369786 39.47088, -0.369449 39.47125, -0.368967 39.47179, -0.368964 39.47184, -0.369141 39.472, -0.369942 39.47228, -0.370151 39.47269, -0.370744 39.47283, -0.370897 39.47224, -0.371622 39.47235, -0.371833 39.47147, -0.372508 39.47151, -0.373768 39.47186, -0.374231 39.4719, -0.374385 39.47194, -0.374645 39.47185, -0.375116 39.47151, -0.375308 39.47136, -0.375561 39.4721, -0.375561 39.47228, -0.37552 39.47258, -0.375427 39.47272, -0.375324 39.47287, -0.375239 39.47301, -0.374761 39.47285, -0.374446 39.47274, -0.374368 39.47293, -0.374268 39.47315, -0.374244 39.47354, -0.374816 39.47364, -0.375457 39.47376, -0.375623 39.47379, -0.375627 39.47379, -0.376585 39.47254, -0.377535 39.4713, -0.377793 39.47096, -0.378465 39.47142, -0.378894 39.47162, -0.379214 39.47187, -0.379653 39.47198, -0.379736 39.47199)))",833,3033.89,496545.0180072029,67.0,3.14
Jaume Roig,"MULTIPOLYGON (((-0.36636 39.47941, -0.365925 39.47929, -0.365156 39.47906, -0.364471 39.48041, -0.363001 39.47997, -0.361244 39.47944, -0.360717 39.48054, -0.360062 39.481, -0.359897 39.48112, -0.359504 39.48141, -0.360379 39.48204, -0.36115 39.48259, -0.362818 39.48377, -0.362333 39.48481, -0.362749 39.48491, -0.363584 39.48513, -0.363628 39.48506, -0.363735 39.48484, -0.36405 39.48421, -0.364417 39.48348, -0.364614 39.48309, -0.36523 39.48176, -0.365616 39.48095, -0.36636 39.47941)))",234,2410.74,470508.547008547,52.0,3.44
La Roqueta,"MULTIPOLYGON (((-0.384185 39.46927, -0.384038 39.46905, -0.383303 39.468, -0.382562 39.46694, -0.381836 39.46589, -0.381189 39.46496, -0.380579 39.46399, -0.380121 39.46348, -0.379607 39.46326, -0.378445 39.46317, -0.378017 39.46454, -0.377164 39.46695, -0.376959 39.46755, -0.378496 39.4679, -0.379968 39.46827, -0.380558 39.4685, -0.381346 39.46879, -0.382061 39.46934, -0.382357 39.46957, -0.382632 39.46978, -0.383407 39.47035, -0.383419 39.47033, -0.383579 39.47013, -0.383822 39.46977, -0.384017 39.46949, -0.38407 39.46941, -0.38415 39.46931, -0.384185 39.46927)))",389,2140.97,262383.03341902315,73.0,4.97
Les Tendetes,"MULTIPOLYGON (((-0.382675 39.4823, -0.381978 39.4826, -0.382084 39.48291, -0.383137 39.48365, -0.383738 39.48406, -0.385177 39.48505, -0.385636 39.48537, -0.386359 39.48591, -0.387037 39.48645, -0.387213 39.48637, -0.387982 39.48606, -0.388179 39.48603, -0.388244 39.48562, -0.38824 39.48538, -0.388867 39.48511, -0.38799 39.48389, -0.388605 39.48361, -0.388813 39.48339, -0.387349 39.48132, -0.386777 39.48052, -0.386448 39.48067, -0.385526 39.48107, -0.384404 39.48157, -0.383963 39.48177, -0.383771 39.48185, -0.382675 39.4823)))",151,1271.15,106721.85430463577,59.0,6.44
Marxalenes,"MULTIPOLYGON (((-0.380438 39.483, -0.378967 39.4829, -0.378803 39.48422, -0.378627 39.48528, -0.378522 39.4856, -0.378089 39.48631, -0.378226 39.48633, -0.378774 39.48638, -0.378966 39.48645, -0.37943 39.48768, -0.380897 39.4874, -0.381563 39.48728, -0.383477 39.4882, -0.383744 39.48832, -0.383958 39.48842, -0.385538 39.48913, -0.385739 39.48921, -0.385916 39.48928, -0.386175 39.48938, -0.387067 39.48918, -0.388704 39.48881, -0.38945 39.48864, -0.389523 39.48863, -0.388157 39.48735, -0.388006 39.48723, -0.387037 39.48645, -0.386321 39.48589, -0.385654 39.48539, -0.385271 39.48512, -0.384508 39.48459, -0.383208 39.4837, -0.382084 39.48291, -0.381978 39.4826, -0.380438 39.483)))",341,1319.19,123870.96774193548,52.0,5.77
Nou Moles,"MULTIPOLYGON (((-0.396267 39.47562, -0.396878 39.47647, -0.397349 39.47625, -0.39795 39.47604, -0.399436 39.47572, -0.403244 39.47511, -0.405241 39.47474, -0.405909 39.47439, -0.405602 39.47313, -0.405467 39.47217, -0.405243 39.47109, -0.405339 39.47047, -0.405687 39.46979, -0.405034 39.46965, -0.402685 39.46932, -0.399788 39.46877, -0.398127 39.46847, -0.396003 39.46807, -0.395493 39.46796, -0.394388 39.46776, -0.393449 39.46759, -0.392588 39.46744, -0.390068 39.46703, -0.390765 39.46797, -0.391546 39.46905, -0.392531 39.47041, -0.393343 39.47154, -0.395128 39.47403, -0.395769 39.47494, -0.396267 39.47562)))",1294,1319.15,137438.94899536323,53.0,5.48
Russafa,"MULTIPOLYGON (((-0.376959 39.46755, -0.377793 39.46515, -0.378445 39.46317, -0.378922 39.46175, -0.379359 39.46044, -0.380044 39.45849, -0.380608 39.45683, -0.380673 39.45659, -0.380843 39.45578, -0.380881 39.45534, -0.379608 39.45533, -0.377679 39.45611, -0.375794 39.4569, -0.375436 39.45707, -0.374239 39.45758, -0.37037 39.45924, -0.369157 39.45975, -0.367094 39.46063, -0.366322 39.46096, -0.36445 39.46175, -0.363226 39.46226, -0.362531 39.46254, -0.36503 39.46308, -0.368364 39.46381, -0.370965 39.46439, -0.373091 39.46485, -0.373916 39.46507, -0.374223 39.46569, -0.374915 39.46716, -0.375591 39.46721, -0.376421 39.46742, -0.376959 39.46755)))",1311,2293.33,250070.1754385965,71.0,5.07
El Cabanyal-El Canyamelar,"MULTIPOLYGON (((-0.33049 39.46288, -0.3296 39.46279, -0.329269 39.46285, -0.328516 39.46299, -0.328251 39.46304, -0.327923 39.46308, -0.326976 39.46316, -0.326054 39.46316, -0.325447 39.46316, -0.323675 39.46308, -0.321822 39.46302, -0.319519 39.46298, -0.319672 39.46373, -0.320264 39.46524, -0.321145 39.46778, -0.321669 39.46948, -0.321953 39.47082, -0.322139 39.47197, -0.32256 39.47466, -0.323699 39.47462, -0.325411 39.47453, -0.326046 39.4746, -0.327595 39.47472, -0.329034 39.47509, -0.330457 39.47553, -0.331428 39.47582, -0.333398 39.47637, -0.333456 39.47608, -0.33354 39.47564, -0.333805 39.47431, -0.3341 39.4728, -0.334426 39.47114, -0.33475 39.46959, -0.334876 39.4685, -0.334954 39.46805, -0.335019 39.46767, -0.335092 39.46723, -0.33518 39.46692, -0.335234 39.46668, -0.335384 39.46597, -0.335509 39.46565, -0.335767 39.46506, -0.335936 39.46469, -0.336385 39.46399, -0.336641 39.46368, -0.336452 39.46362, -0.335799 39.4635, -0.335258 39.46342, -0.334291 39.46329, -0.333724 39.46322, -0.333437 39.46319, -0.333104 39.46316, -0.332516 39.46306, -0.331678 39.46296, -0.331088 39.46291, -0.33049 39.46288)))",988,1531.13,134241.9028340081,65.0,6.45
La Llum,"MULTIPOLYGON (((-0.415437 39.46767, -0.414988 39.46694, -0.414013 39.46665, -0.412544 39.46675, -0.411541 39.46653, -0.411969 39.46591, -0.40999 39.46605, -0.410093 39.46713, -0.410504 39.46972, -0.413371 39.46952, -0.414054 39.46947, -0.414494 39.46943, -0.415397 39.46935, -0.41726 39.46918, -0.418045 39.46912, -0.417625 39.46861, -0.415437 39.46767)))",171,1314.37,135374.26900584795,45.0,5.27
Beteró,"MULTIPOLYGON (((-0.333456 39.47607, -0.335556 39.47669, -0.335866 39.4761, -0.336123 39.47554, -0.336581 39.4746, -0.337004 39.47373, -0.337438 39.4729, -0.337421 39.47252, -0.33791 39.47155, -0.338277 39.47082, -0.33886 39.47101, -0.339142 39.47041, -0.339865 39.46898, -0.33934 39.46881, -0.338738 39.46862, -0.338616 39.46883, -0.337431 39.4687, -0.334876 39.4685, -0.33475 39.46959, -0.33448 39.47087, -0.334313 39.4717, -0.334218 39.47221, -0.334075 39.47293, -0.333807 39.4743, -0.333688 39.47488, -0.333545 39.47562, -0.333456 39.47607)))",200,1421.67,147250.0,45.0,5.72
Barrio de Favara,"MULTIPOLYGON (((-0.390337 39.45647, -0.390415 39.45647, -0.390578 39.45646, -0.391029 39.45645, -0.391618 39.45643, -0.394768 39.45625, -0.395785 39.45609, -0.396313 39.45589, -0.396939 39.45557, -0.397244 39.45544, -0.398314 39.45463, -0.397385 39.45403, -0.398394 39.45252, -0.397176 39.45155, -0.395516 39.45026, -0.394873 39.44976, -0.394134 39.4508, -0.393145 39.45224, -0.391138 39.45526, -0.390337 39.45647)))",227,1235.68,119797.35682819384,48.0,5.84
Albors,"MULTIPOLYGON (((-0.352428 39.47093, -0.352568 39.47096, -0.352792 39.47103, -0.353199 39.47116, -0.353637 39.47129, -0.354398 39.47152, -0.354867 39.4706, -0.355439 39.46949, -0.355837 39.46872, -0.356614 39.46702, -0.3562 39.46689, -0.354324 39.46635, -0.352146 39.46576, -0.351294 39.46552, -0.351061 39.46609, -0.350382 39.46777, -0.349865 39.46905, -0.348814 39.46876, -0.348382 39.46973, -0.349479 39.47005, -0.350355 39.47031, -0.350766 39.47043, -0.351599 39.47069, -0.352428 39.47093)))",284,1597.25,156820.42253521126,51.0,5.72
Els Orriols,"MULTIPOLYGON (((-0.368486 39.49137, -0.369151 39.49184, -0.368443 39.49241, -0.368021 39.49276, -0.367242 39.49335, -0.368 39.49391, -0.368652 39.49435, -0.36736 39.49553, -0.366697 39.495, -0.366546 39.49499, -0.366258 39.4952, -0.368182 39.49665, -0.36756 39.49728, -0.369215 39.49778, -0.368325 39.49987, -0.369104 39.50005, -0.36973 39.5002, -0.369619 39.50047, -0.369284 39.50109, -0.368584 39.50185, -0.368249 39.50183, -0.367701 39.50332, -0.367344 39.50341, -0.36688 39.50411, -0.367352 39.50431, -0.36776 39.50442, -0.367943 39.50408, -0.368424 39.5028, -0.368843 39.50183, -0.369484 39.50099, -0.369802 39.50057, -0.369833 39.50047, -0.370474 39.50062, -0.370686 39.49994, -0.370651 39.49926, -0.371068 39.49864, -0.371844 39.49703, -0.370788 39.49679, -0.371013 39.49632, -0.370234 39.49602, -0.371051 39.49492, -0.371564 39.4952, -0.371973 39.49464, -0.372414 39.49429, -0.372572 39.49424, -0.372719 39.49412, -0.372894 39.49382, -0.373218 39.49328, -0.37374 39.4924, -0.374001 39.49197, -0.373636 39.49189, -0.371737 39.49045, -0.371128 39.48998, -0.370225 39.48932, -0.368402 39.48797, -0.367149 39.48867, -0.369094 39.49015, -0.368908 39.49032, -0.368058 39.49105, -0.368486 39.49137)))",1011,973.69,81577.64589515331,55.0,6.96
Mont-Olivet,"MULTIPOLYGON (((-0.363276 39.45666, -0.362828 39.45685, -0.362304 39.45707, -0.362011 39.45719, -0.361409 39.45743, -0.360162 39.458, -0.359252 39.45837, -0.358184 39.45882, -0.357205 39.45937, -0.356754 39.4596, -0.357912 39.46004, -0.358008 39.46014, -0.358113 39.46027, -0.358433 39.46069, -0.358547 39.46083, -0.358956 39.46135, -0.359368 39.46187, -0.359713 39.46233, -0.359839 39.46273, -0.359937 39.46307, -0.360016 39.46334, -0.360944 39.46319, -0.362527 39.46255, -0.364107 39.46189, -0.365607 39.46126, -0.36931 39.45968, -0.366687 39.4552, -0.364038 39.45633, -0.363276 39.45666)))",743,1522.32,156737.55047106327,55.0,5.54
Ciutat Fallera,"MULTIPOLYGON (((-0.397628 39.49544, -0.397013 39.49583, -0.396652 39.4955, -0.39623 39.49575, -0.39438 39.49686, -0.393912 39.49711, -0.393314 39.49746, -0.393006 39.49764, -0.392726 39.4978, -0.392434 39.49797, -0.391969 39.49824, -0.391371 39.49859, -0.391103 39.49875, -0.388906 39.50009, -0.38864 39.50025, -0.389768 39.50134, -0.39214 39.50309, -0.392968 39.50304, -0.394235 39.50306, -0.39565 39.50223, -0.396963 39.50139, -0.399063 39.50026, -0.401521 39.49891, -0.401153 39.49858, -0.40022 39.49775, -0.39883 39.49653, -0.397628 39.49544)))",304,822.75,67865.13157894737,53.0,7.1
L'Illa Perduda,"MULTIPOLYGON (((-0.335384 39.46597, -0.33518 39.46692, -0.335092 39.46723, -0.334999 39.46779, -0.334876 39.4685, -0.335886 39.46858, -0.337431 39.4687, -0.338616 39.46883, -0.338738 39.46862, -0.339865 39.46898, -0.339336 39.47002, -0.339153 39.47039, -0.339015 39.47068, -0.338861 39.47101, -0.339633 39.47124, -0.340427 39.47146, -0.340719 39.47154, -0.340936 39.47161, -0.341271 39.47172, -0.341446 39.47176, -0.341764 39.47185, -0.342081 39.47196, -0.342286 39.47202, -0.342386 39.47183, -0.342934 39.47069, -0.343877 39.46875, -0.343736 39.46871, -0.343527 39.46845, -0.343326 39.46827, -0.342282 39.46798, -0.34018 39.46738, -0.338467 39.46687, -0.337026 39.46645, -0.335384 39.46597)))",174,1495.35,145281.6091954023,50.0,5.71
En Corts,"MULTIPOLYGON (((-0.36931 39.45968, -0.370431 39.45922, -0.372094 39.45851, -0.375033 39.45724, -0.375329 39.45711, -0.375763 39.45692, -0.372778 39.45267, -0.371635 39.45101, -0.371119 39.45242, -0.371502 39.45319, -0.36974 39.45392, -0.367224 39.45497, -0.366687 39.4552, -0.36931 39.45968)))",639,1323.37,125607.19874804383,52.0,5.63
Benimaclet,"MULTIPOLYGON (((-0.3701 39.48633, -0.369576 39.48617, -0.36925 39.48629, -0.36875 39.48623, -0.368605 39.48656, -0.366544 39.486, -0.365386 39.48569, -0.364642 39.48623, -0.364014 39.48573, -0.36348 39.4853, -0.363584 39.48513, -0.363053 39.48499, -0.362333 39.48481, -0.362564 39.48432, -0.362818 39.48377, -0.361691 39.48297, -0.360441 39.48208, -0.359481 39.48139, -0.358342 39.48053, -0.357084 39.4796, -0.356307 39.47902, -0.355969 39.47877, -0.355496 39.47842, -0.354769 39.47817, -0.35473 39.47825, -0.354666 39.47839, -0.354578 39.47857, -0.354561 39.4786, -0.35434 39.47899, -0.35413 39.47937, -0.353929 39.47957, -0.35389 39.47961, -0.353789 39.47971, -0.353567 39.47992, -0.353275 39.4802, -0.353194 39.48029, -0.352984 39.4805, -0.352703 39.48077, -0.351968 39.48123, -0.351453 39.48153, -0.352183 39.48175, -0.353547 39.48218, -0.354378 39.48244, -0.354346 39.48265, -0.354196 39.48362, -0.354077 39.48439, -0.354845 39.48447, -0.354748 39.485, -0.354605 39.48579, -0.355259 39.48585, -0.355626 39.48588, -0.35642 39.48595, -0.356268 39.48684, -0.356265 39.48691, -0.356386 39.48699, -0.356765 39.48701, -0.356958 39.48702, -0.35761 39.48707, -0.357583 39.48722, -0.358803 39.4874, -0.359287 39.48747, -0.359193 39.48795, -0.359015 39.48886, -0.360106 39.489, -0.360267 39.48903, -0.36043 39.4887, -0.360505 39.48851, -0.361075 39.48853, -0.361615 39.48856, -0.361884 39.48857, -0.36231 39.48859, -0.362529 39.48838, -0.362814 39.48816, -0.363045 39.48798, -0.362804 39.48779, -0.362955 39.48769, -0.363349 39.48737, -0.363985 39.48686, -0.364177 39.48701, -0.364628 39.48734, -0.36484 39.48749, -0.364998 39.48761, -0.365342 39.48788, -0.366107 39.48845, -0.365767 39.48854, -0.365451 39.48872, -0.3653 39.4888, -0.365025 39.489, -0.364892 39.48911, -0.364742 39.48922, -0.365144 39.48949, -0.365388 39.48969, -0.365555 39.48959, -0.365804 39.48944, -0.366018 39.48932, -0.366487 39.48905, -0.366825 39.48886, -0.367149 39.48867, -0.368402 39.48797, -0.369736 39.48696, -0.369794 39.48687, -0.3701 39.48633)))",601,1785.66,188911.81364392678,48.0,5.44
Nou Campanar,"MULTIPOLYGON (((-0.41027 39.48143, -0.413179 39.47899, -0.41231 39.4781, -0.412279 39.4778, -0.411839 39.47711, -0.411332 39.47623, -0.410319 39.47586, -0.410177 39.47568, -0.410179 39.47508, -0.410075 39.47482, -0.408799 39.47404, -0.40792 39.47404, -0.407341 39.47412, -0.406665 39.47422, -0.406055 39.47431, -0.405909 39.47439, -0.405241 39.47474, -0.404168 39.47494, -0.403444 39.47507, -0.403259 39.4751, -0.402966 39.47515, -0.402232 39.47527, -0.401033 39.47546, -0.399846 39.47566, -0.399438 39.47572, -0.399203 39.47577, -0.399727 39.47732, -0.400032 39.47836, -0.399332 39.47856, -0.398599 39.47888, -0.401165 39.48257, -0.401661 39.48332, -0.402721 39.48291, -0.403986 39.48236, -0.404601 39.48324, -0.406554 39.48239, -0.406732 39.4819, -0.40732 39.48097, -0.41027 39.48143)))",238,2230.93,282785.71428571426,29.0,3.81
Nou Benicalap,"MULTIPOLYGON (((-0.391117 39.49874, -0.393912 39.49711, -0.39112 39.4943, -0.390499 39.49403, -0.388531 39.4933, -0.386301 39.49255, -0.383227 39.49324, -0.381725 39.49355, -0.380055 39.49392, -0.380353 39.49496, -0.381331 39.49735, -0.381346 39.49889, -0.382231 39.49868, -0.386482 39.49812, -0.38864 39.50025, -0.388906 39.50009, -0.391117 39.49874)))",520,1798.87,204482.6923076923,22.0,3.9
El Carme,"MULTIPOLYGON (((-0.379171 39.47655, -0.379086 39.47656, -0.378275 39.47665, -0.376874 39.47661, -0.376889 39.47732, -0.376861 39.4774, -0.376133 39.47896, -0.374887 39.47897, -0.374809 39.47902, -0.374626 39.47925, -0.374119 39.47988, -0.373611 39.4805, -0.375046 39.48159, -0.377267 39.48281, -0.378977 39.4829, -0.380438 39.483, -0.380319 39.48195, -0.380255 39.48138, -0.380536 39.4813, -0.380925 39.48117, -0.382244 39.48075, -0.382697 39.48054, -0.38298 39.48031, -0.383067 39.48005, -0.383295 39.47939, -0.383465 39.4789, -0.383666 39.47833, -0.383566 39.47823, -0.383641 39.4778, -0.383699 39.47744, -0.383761 39.47705, -0.383825 39.47668, -0.383991 39.47572, -0.383105 39.47585, -0.38237 39.47601, -0.381941 39.4761, -0.381343 39.47618, -0.380349 39.47631, -0.379802 39.47643, -0.379171 39.47655)))",428,2282.66,226605.1401869159,79.0,5.37
El Pla del Remei,"MULTIPOLYGON (((-0.373623 39.46499, -0.371644 39.46577, -0.366674 39.46784, -0.364146 39.46889, -0.364794 39.46993, -0.365212 39.4706, -0.365148 39.47075, -0.365612 39.47129, -0.366285 39.47208, -0.366652 39.47251, -0.366841 39.47273, -0.367995 39.47225, -0.368049 39.47203, -0.368284 39.47186, -0.368964 39.47184, -0.368967 39.47179, -0.369786 39.47088, -0.371262 39.46972, -0.37174 39.46935, -0.372012 39.46915, -0.372855 39.46855, -0.373597 39.46801, -0.374133 39.46763, -0.374828 39.46715, -0.374911 39.46715, -0.37422 39.46569, -0.373914 39.46507, -0.373623 39.46499)))",637,3648.08,707357.9277864993,68.0,2.84
Gran Vía,"MULTIPOLYGON (((-0.364146 39.46889, -0.365627 39.46827, -0.366749 39.4678, -0.369308 39.46674, -0.371171 39.46596, -0.371744 39.46573, -0.372283 39.46552, -0.372769 39.46532, -0.373616 39.46499, -0.373085 39.46485, -0.371759 39.46456, -0.370201 39.46422, -0.367997 39.46373, -0.364882 39.46305, -0.362531 39.46254, -0.360944 39.46319, -0.361058 39.46342, -0.3615 39.46433, -0.362133 39.46561, -0.362324 39.46593, -0.362469 39.46616, -0.362923 39.46691, -0.363397 39.46767, -0.364146 39.46889)))",584,2953.31,422642.12328767125,78.0,4.59
La Petxina,"MULTIPOLYGON (((-0.390652 39.47816, -0.391187 39.47889, -0.392034 39.47855, -0.392638 39.4783, -0.393107 39.47812, -0.393255 39.47806, -0.393414 39.47799, -0.394968 39.47731, -0.396878 39.47647, -0.395498 39.47455, -0.394705 39.47344, -0.393092 39.47119, -0.392059 39.46976, -0.391606 39.46913, -0.391546 39.46905, -0.391244 39.46911, -0.390042 39.46939, -0.388668 39.46966, -0.388448 39.46992, -0.387483 39.47073, -0.386413 39.47162, -0.386265 39.47175, -0.386091 39.47191, -0.386193 39.47206, -0.386281 39.47217, -0.387066 39.4732, -0.387194 39.47337, -0.387233 39.47342, -0.387947 39.47442, -0.388306 39.47492, -0.389397 39.47643, -0.389639 39.47677, -0.390145 39.47746, -0.390652 39.47816)))",740,1823.2,207982.43243243243,60.0,5.16
El Botànic,"MULTIPOLYGON (((-0.383407 39.47035, -0.383432 39.47036, -0.383611 39.47064, -0.383984 39.47165, -0.384024 39.47202, -0.384024 39.47245, -0.383994 39.47318, -0.383949 39.47399, -0.383981 39.47534, -0.383991 39.47572, -0.383749 39.47713, -0.383641 39.4778, -0.383566 39.47823, -0.383666 39.47833, -0.383371 39.47917, -0.383209 39.47964, -0.38298 39.48031, -0.382697 39.48054, -0.382244 39.48075, -0.380546 39.48129, -0.380255 39.48138, -0.380438 39.483, -0.381978 39.4826, -0.383965 39.48176, -0.386777 39.48052, -0.388802 39.47961, -0.391013 39.47896, -0.391186 39.47889, -0.389799 39.47699, -0.38838 39.47502, -0.387197 39.47337, -0.38619 39.47205, -0.385752 39.47143, -0.384907 39.47034, -0.384441 39.46965, -0.384185 39.46927, -0.38407 39.46941, -0.383574 39.47013, -0.383407 39.47035)))",365,2125.09,244575.34246575343,78.0,5.64
El Pilar,"MULTIPOLYGON (((-0.381095 39.47612, -0.381101 39.47622, -0.381726 39.47613, -0.38194 39.4761, -0.382373 39.47601, -0.383105 39.47585, -0.383991 39.47572, -0.383974 39.47502, -0.383948 39.474, -0.383995 39.47317, -0.384024 39.47247, -0.384025 39.47225, -0.384024 39.47202, -0.383984 39.47165, -0.383611 39.47064, -0.382711 39.47093, -0.382044 39.47094, -0.381234 39.47087, -0.380679 39.47098, -0.380266 39.4711, -0.379709 39.47125, -0.37975 39.47241, -0.380206 39.47235, -0.380953 39.47228, -0.381016 39.47243, -0.380892 39.47258, -0.380711 39.47284, -0.380398 39.47322, -0.381035 39.47345, -0.381111 39.47358, -0.381191 39.47373, -0.381222 39.47407, -0.381279 39.47443, -0.381216 39.47466, -0.381126 39.47481, -0.380988 39.47505, -0.380799 39.47537, -0.381038 39.47541, -0.381054 39.47564, -0.381095 39.47612)))",346,2098.13,234736.9942196532,70.0,5.01
Trinitat,"MULTIPOLYGON (((-0.36925 39.48629, -0.369576 39.48617, -0.3701 39.48633, -0.370419 39.48599, -0.370778 39.48543, -0.371582 39.48416, -0.371967 39.48355, -0.372368 39.48292, -0.372529 39.48266, -0.373034 39.48181, -0.373927 39.48074, -0.37364 39.48052, -0.373611 39.4805, -0.373524 39.48043, -0.372747 39.48, -0.372102 39.47971, -0.371316 39.4789, -0.370405 39.47848, -0.369639 39.47802, -0.368798 39.47753, -0.368125 39.4771, -0.36754 39.47724, -0.367343 39.47738, -0.367066 39.47796, -0.36636 39.47941, -0.365968 39.48022, -0.365599 39.48098, -0.365196 39.48183, -0.36496 39.48234, -0.364577 39.48316, -0.363995 39.48432, -0.363629 39.48505, -0.363584 39.48513, -0.36348 39.4853, -0.364642 39.48623, -0.365386 39.48569, -0.367807 39.48634, -0.368605 39.48656, -0.368749 39.48623, -0.36925 39.48629)))",333,1935.35,229054.05405405405,53.0,5.01
Natzaret,"MULTIPOLYGON (((-0.331604 39.45333, -0.333017 39.4546, -0.334306 39.45477, -0.334645 39.45484, -0.334793 39.45396, -0.334905 39.45327, -0.334994 39.45275, -0.33519 39.45156, -0.335515 39.44937, -0.335633 39.4484, -0.335355 39.44835, -0.335591 39.44641, -0.335782 39.44436, -0.335986 39.44232, -0.336283 39.43978, -0.336409 39.43846, -0.336442 39.43797, -0.334991 39.43808, -0.334395 39.43833, -0.333448 39.43969, -0.330924 39.44259, -0.330509 39.44304, -0.330289 39.44331, -0.330019 39.44362, -0.329441 39.44402, -0.329146 39.44423, -0.328435 39.44454, -0.327771 39.44476, -0.327734 39.44562, -0.327708 39.44626, -0.327595 39.44689, -0.327666 39.44843, -0.32799 39.44901, -0.3283 39.44944, -0.329964 39.45149, -0.3309 39.45255, -0.331604 39.45333)))",214,860.92,67803.73831775702,58.0,7.32
Morvedre,"MULTIPOLYGON (((-0.378967 39.4829, -0.378012 39.48285, -0.377267 39.48281, -0.376385 39.48232, -0.375046 39.48159, -0.373927 39.48074, -0.373034 39.48181, -0.372593 39.48255, -0.372386 39.48289, -0.370923 39.4852, -0.370419 39.48599, -0.3701 39.48633, -0.369788 39.48688, -0.371319 39.48716, -0.371615 39.48642, -0.371837 39.48656, -0.372429 39.4867, -0.372795 39.4867, -0.374563 39.48654, -0.375683 39.48643, -0.376274 39.48638, -0.375978 39.48693, -0.377299 39.48744, -0.378089 39.48631, -0.378522 39.4856, -0.378627 39.48528, -0.378803 39.48422, -0.378967 39.4829)))",521,1613.08,172117.08253358924,55.0,5.33
Penya-Roja,"MULTIPOLYGON (((-0.359611 39.46345, -0.360016 39.46334, -0.359838 39.46273, -0.359713 39.46233, -0.359454 39.46199, -0.358433 39.46069, -0.358008 39.46014, -0.357912 39.46004, -0.355849 39.45925, -0.354242 39.45864, -0.354059 39.45857, -0.352914 39.45788, -0.351998 39.45732, -0.350962 39.45669, -0.349812 39.45597, -0.346152 39.45438, -0.345135 39.45392, -0.341901 39.45394, -0.341699 39.45393, -0.341529 39.45486, -0.341398 39.4556, -0.341207 39.4564, -0.340889 39.45764, -0.340844 39.45781, -0.342126 39.45809, -0.343035 39.4583, -0.343965 39.45849, -0.342299 39.45952, -0.343403 39.45981, -0.345455 39.46031, -0.347574 39.46082, -0.347958 39.46092, -0.349202 39.4613, -0.350108 39.46155, -0.352567 39.46223, -0.352578 39.46226, -0.352431 39.46263, -0.352234 39.46311, -0.354189 39.4637, -0.35395 39.46421, -0.354689 39.46438, -0.354785 39.46423, -0.35518 39.46451, -0.355905 39.46503, -0.356232 39.46525, -0.356515 39.46547, -0.357144 39.46592, -0.357421 39.46537, -0.358023 39.46411, -0.358787 39.46364, -0.359611 39.46345)))",418,2758.68,380839.7129186603,26.0,3.13
L'Amistat,"MULTIPOLYGON (((-0.348353 39.47407, -0.352035 39.47523, -0.352524 39.47523, -0.353235 39.47383, -0.353974 39.47237, -0.354398 39.47152, -0.353604 39.47128, -0.352564 39.47096, -0.351606 39.47069, -0.350672 39.4704, -0.349694 39.47011, -0.349476 39.47005, -0.348828 39.47162, -0.348379 39.4727, -0.34806 39.47347, -0.34772 39.47381, -0.34765 39.47403, -0.347871 39.47404, -0.348353 39.47407)))",221,1378.69,129837.10407239819,58.0,5.91
Exposició,"MULTIPOLYGON (((-0.365948 39.47439, -0.365605 39.47396, -0.365207 39.47347, -0.36462 39.47371, -0.363769 39.47419, -0.36267 39.47388, -0.361603 39.47359, -0.360673 39.47332, -0.360448 39.47376, -0.359984 39.47473, -0.359356 39.47455, -0.358571 39.47605, -0.358083 39.477, -0.358417 39.47709, -0.359509 39.4774, -0.360553 39.47769, -0.361863 39.4781, -0.362639 39.47832, -0.365156 39.47906, -0.36636 39.47941, -0.366707 39.4787, -0.366943 39.47822, -0.367343 39.47738, -0.36754 39.47724, -0.368125 39.4771, -0.367626 39.47648, -0.366782 39.47543, -0.365948 39.47439)))",335,2919.0,486128.3582089552,51.0,3.56
Tormos,"MULTIPOLYGON (((-0.385586 39.48951, -0.386176 39.48938, -0.385742 39.48921, -0.385538 39.48913, -0.383742 39.48832, -0.381563 39.48728, -0.380245 39.48753, -0.37943 39.48768, -0.378966 39.48645, -0.378774 39.48638, -0.378225 39.48633, -0.378089 39.48631, -0.377808 39.48671, -0.377299 39.48744, -0.37682 39.48808, -0.37606 39.48913, -0.374842 39.49082, -0.37436 39.49157, -0.37412 39.49199, -0.374231 39.49201, -0.376025 39.49161, -0.378191 39.49112, -0.380288 39.49065, -0.382261 39.49021, -0.384691 39.48968, -0.385586 39.48951)))",510,1152.92,103321.56862745098,54.0,6.6
Sant Antoni,"MULTIPOLYGON (((-0.373636 39.49189, -0.37412 39.49199, -0.374362 39.49156, -0.374849 39.49081, -0.376862 39.48802, -0.377298 39.48744, -0.375978 39.48693, -0.376274 39.48638, -0.375701 39.48643, -0.374504 39.48654, -0.372797 39.4867, -0.372428 39.4867, -0.371838 39.48656, -0.371615 39.48642, -0.371319 39.48716, -0.369788 39.48688, -0.369736 39.48696, -0.369301 39.48729, -0.36921 39.48736, -0.368402 39.48797, -0.369949 39.48911, -0.371259 39.49008, -0.372491 39.49102, -0.373449 39.49175, -0.373636 39.49189)))",397,1468.38,162765.74307304787,47.0,5.1
La Creu del Grau,"MULTIPOLYGON (((-0.340843 39.45781, -0.340077 39.46084, -0.33935 39.46132, -0.338819 39.46166, -0.338667 39.46176, -0.339537 39.46202, -0.340933 39.46243, -0.341985 39.46275, -0.342783 39.46299, -0.344017 39.46335, -0.344586 39.46352, -0.346195 39.46399, -0.346512 39.46409, -0.347375 39.46434, -0.348645 39.46472, -0.348773 39.46446, -0.349591 39.46469, -0.350181 39.46485, -0.350557 39.46406, -0.350772 39.46363, -0.351007 39.46313, -0.351159 39.46281, -0.351559 39.46196, -0.351067 39.46182, -0.350171 39.46157, -0.349199 39.4613, -0.348916 39.46121, -0.347958 39.46092, -0.34767 39.46084, -0.345576 39.46034, -0.343383 39.45981, -0.342299 39.45952, -0.343964 39.45849, -0.343475 39.45839, -0.342844 39.45825, -0.342298 39.45813, -0.340843 39.45781)))",425,1541.83,142329.41176470587,47.0,5.47
Aiora,"MULTIPOLYGON (((-0.335384 39.46597, -0.335404 39.46598, -0.337329 39.46654, -0.338149 39.46678, -0.338746 39.46695, -0.339759 39.46725, -0.34019 39.46738, -0.341459 39.46775, -0.34191 39.46788, -0.342723 39.46811, -0.343326 39.46827, -0.34353 39.46846, -0.343625 39.46857, -0.343736 39.46871, -0.344012 39.46879, -0.344386 39.46865, -0.344663 39.46863, -0.344718 39.46866, -0.345382 39.46885, -0.345866 39.46899, -0.346352 39.46913, -0.346962 39.46932, -0.347237 39.4694, -0.348111 39.46965, -0.348382 39.46973, -0.348814 39.46876, -0.349412 39.46892, -0.349865 39.46905, -0.350467 39.46755, -0.351294 39.46552, -0.35016 39.4652, -0.348657 39.46472, -0.34637 39.46404, -0.34532 39.46373, -0.344016 39.46335, -0.342736 39.46297, -0.341569 39.46262, -0.340221 39.46222, -0.338667 39.46176, -0.338373 39.46198, -0.337858 39.46241, -0.337249 39.46292, -0.336385 39.46399, -0.335936 39.46469, -0.335509 39.46565, -0.335384 39.46597)))",666,1459.6,133162.16216216216,54.0,6.09
Mestalla,"MULTIPOLYGON (((-0.358083 39.477, -0.358811 39.47559, -0.359356 39.47455, -0.359984 39.47473, -0.360205 39.47427, -0.360462 39.47373, -0.360673 39.47332, -0.361506 39.47356, -0.363769 39.47419, -0.364233 39.47393, -0.364621 39.47371, -0.365207 39.47347, -0.366841 39.47273, -0.366582 39.47242, -0.366288 39.47208, -0.365666 39.47135, -0.365148 39.47075, -0.365212 39.4706, -0.364214 39.469, -0.363449 39.46776, -0.362775 39.46666, -0.36225 39.46581, -0.362133 39.46561, -0.361465 39.46426, -0.360943 39.46319, -0.360017 39.46334, -0.359601 39.46345, -0.358787 39.46364, -0.358023 39.46411, -0.357594 39.46501, -0.357426 39.46536, -0.357143 39.46592, -0.356934 39.46636, -0.356614 39.46702, -0.356412 39.46747, -0.355827 39.46875, -0.355329 39.4697, -0.354549 39.47122, -0.353904 39.4725, -0.353193 39.47392, -0.352524 39.47523, -0.353837 39.4757, -0.356245 39.47642, -0.358083 39.477)))",486,2415.44,291870.3703703704,47.0,4.37
Ciutat Universitària,"MULTIPOLYGON (((-0.365156 39.47906, -0.362835 39.47838, -0.361833 39.47809, -0.36059 39.4777, -0.359716 39.47746, -0.358083 39.477, -0.356812 39.4766, -0.35613 39.47639, -0.353837 39.4757, -0.353282 39.47684, -0.352743 39.47796, -0.354578 39.47857, -0.354769 39.47817, -0.355116 39.47829, -0.355496 39.47842, -0.355981 39.47877, -0.356672 39.47929, -0.358094 39.48035, -0.358356 39.48054, -0.359413 39.48134, -0.359504 39.48141, -0.359968 39.48107, -0.360717 39.48054, -0.361244 39.47944, -0.364471 39.48041, -0.365156 39.47906)))",142,2244.44,307598.59154929576,50.0,3.97
Camí Fondo,"MULTIPOLYGON (((-0.356988 39.46625, -0.357143 39.46592, -0.356796 39.46567, -0.356508 39.46546, -0.356239 39.46526, -0.355975 39.46508, -0.355182 39.46451, -0.354785 39.46423, -0.354689 39.46438, -0.35395 39.46421, -0.354189 39.4637, -0.352234 39.46311, -0.352393 39.46272, -0.352484 39.4625, -0.352578 39.46226, -0.352567 39.46223, -0.351938 39.46206, -0.351559 39.46196, -0.350772 39.46363, -0.350554 39.46407, -0.350181 39.46485, -0.349246 39.46459, -0.34896 39.46451, -0.348773 39.46446, -0.348645 39.46472, -0.349729 39.46506, -0.350158 39.4652, -0.350585 39.46532, -0.351293 39.46552, -0.351491 39.46558, -0.352198 39.46578, -0.354345 39.46635, -0.356059 39.46685, -0.356614 39.46702, -0.356988 39.46625)))",168,1726.1,166833.33333333334,54.0,5.49
Ciutat Jardí,"MULTIPOLYGON (((-0.340023 39.47353, -0.341032 39.4738, -0.341779 39.474, -0.342405 39.47418, -0.342843 39.47429, -0.343092 39.47436, -0.343995 39.4746, -0.344576 39.47475, -0.345983 39.47512, -0.347196 39.47551, -0.347622 39.47443, -0.347668 39.47427, -0.34765 39.47403, -0.34772 39.47381, -0.348061 39.47347, -0.348848 39.47157, -0.349476 39.47005, -0.349257 39.46998, -0.348112 39.46965, -0.347187 39.46939, -0.346356 39.46913, -0.345878 39.469, -0.345446 39.46887, -0.344718 39.46866, -0.344663 39.46863, -0.344384 39.46865, -0.344012 39.46879, -0.343877 39.46875, -0.34362 39.46928, -0.342677 39.47122, -0.342387 39.47183, -0.342286 39.47202, -0.342082 39.47196, -0.34177 39.47186, -0.341448 39.47176, -0.341269 39.47172, -0.340932 39.47161, -0.340719 39.47154, -0.340371 39.47145, -0.340138 39.47138, -0.339913 39.47191, -0.340717 39.47216, -0.340207 39.47314, -0.340023 39.47353)))",252,1768.62,193535.7142857143,47.0,5.01
La Fontsanta,"MULTIPOLYGON (((-0.405669 39.46356, -0.405704 39.46384, -0.40611 39.46708, -0.406142 39.46735, -0.40618 39.46768, -0.406208 39.46794, -0.406126 39.46849, -0.405844 39.46938, -0.405688 39.46979, -0.405808 39.4698, -0.406834 39.46987, -0.408472 39.46986, -0.410504 39.46972, -0.410093 39.46713, -0.40999 39.46605, -0.411969 39.46591, -0.412175 39.46566, -0.412885 39.46304, -0.412499 39.46306, -0.40744 39.4632, -0.406308 39.46323, -0.406171 39.46329, -0.406121 39.46332, -0.405889 39.46344, -0.405829 39.46347, -0.405669 39.46356)))",203,1045.54,91748.7684729064,52.0,6.2
Patraix,"MULTIPOLYGON (((-0.395508 39.46796, -0.395351 39.46758, -0.39492 39.4665, -0.394452 39.46534, -0.395309 39.46459, -0.396021 39.46394, -0.397416 39.4639, -0.397394 39.46354, -0.397355 39.46299, -0.397338 39.46279, -0.395981 39.4616, -0.394109 39.45986, -0.3929 39.45878, -0.391521 39.45754, -0.390337 39.45647, -0.389662 39.45751, -0.388997 39.45853, -0.388229 39.45964, -0.388383 39.4604, -0.387495 39.46148, -0.387647 39.46171, -0.387977 39.46219, -0.387282 39.46251, -0.386912 39.46266, -0.390077 39.46702, -0.392579 39.46744, -0.395508 39.46796)))",962,1459.67,153661.12266112267,51.0,5.3
Torrefiel,"MULTIPOLYGON (((-0.374231 39.49201, -0.37412 39.49199, -0.374001 39.49197, -0.373697 39.49247, -0.373233 39.49325, -0.372938 39.49375, -0.372719 39.49412, -0.372573 39.49424, -0.372413 39.49429, -0.371974 39.49464, -0.371567 39.4952, -0.371052 39.49492, -0.370233 39.49602, -0.371013 39.49632, -0.370788 39.49679, -0.371845 39.49704, -0.371069 39.49864, -0.372513 39.49896, -0.375787 39.49971, -0.37677 39.49968, -0.37864 39.49957, -0.381346 39.4989, -0.381334 39.49765, -0.381331 39.49735, -0.380681 39.49576, -0.380353 39.49496, -0.380055 39.49392, -0.38175 39.49355, -0.383227 39.49324, -0.382717 39.4918, -0.382292 39.49062, -0.382151 39.49024, -0.380544 39.4906, -0.378361 39.49108, -0.376891 39.49141, -0.374231 39.49201)))",1380,1087.88,100328.98550724638,51.0,6.13
La Vega Baixa,"MULTIPOLYGON (((-0.347199 39.47551, -0.34645 39.47729, -0.348526 39.4773, -0.348455 39.47824, -0.349989 39.47822, -0.350609 39.47822, -0.35129 39.47823, -0.3513 39.47811, -0.351453 39.47777, -0.35152 39.47766, -0.352641 39.47793, -0.352743 39.47796, -0.35329 39.47683, -0.353837 39.4757, -0.352525 39.47523, -0.352036 39.47523, -0.350953 39.47489, -0.348353 39.47407, -0.347873 39.47404, -0.34765 39.47403, -0.347668 39.47427, -0.347621 39.47443, -0.347199 39.47551)))",116,1955.58,264706.8965517241,47.0,4.8
Sant Isidre,"MULTIPOLYGON (((-0.401899 39.45729, -0.402388 39.4581, -0.403283 39.45735, -0.405112 39.45576, -0.407134 39.45415, -0.408653 39.45304, -0.410117 39.45196, -0.409192 39.4507, -0.406288 39.4467, -0.405223 39.4483, -0.402664 39.45097, -0.401669 39.45184, -0.399581 39.45358, -0.399747 39.45382, -0.400103 39.45436, -0.400417 39.45486, -0.401899 39.45729)))",370,1202.36,127927.02702702703,41.0,4.91
Vara de Quart,"MULTIPOLYGON (((-0.397416 39.4639, -0.400231 39.46379, -0.402425 39.46369, -0.404946 39.46358, -0.405669 39.46356, -0.405839 39.46346, -0.406114 39.46332, -0.406308 39.46323, -0.407975 39.46318, -0.409796 39.46313, -0.412885 39.46304, -0.413736 39.45998, -0.414781 39.45724, -0.412624 39.45525, -0.410118 39.45196, -0.407116 39.45417, -0.405058 39.4558, -0.403447 39.45721, -0.402395 39.45809, -0.40089 39.4595, -0.398727 39.4615, -0.397338 39.46279, -0.397355 39.46298, -0.397416 39.4639)))",298,1235.92,134352.3489932886,44.0,5.6
Soternes,"MULTIPOLYGON (((-0.406239 39.46983, -0.405716 39.46979, -0.405687 39.46979, -0.405339 39.47047, -0.405243 39.47109, -0.405467 39.47217, -0.405602 39.47312, -0.405908 39.47439, -0.406055 39.47431, -0.406579 39.47423, -0.407922 39.47404, -0.4088 39.47404, -0.407669 39.47375, -0.407095 39.47364, -0.406943 39.47326, -0.406909 39.47277, -0.407137 39.47272, -0.410184 39.47259, -0.410902 39.47257, -0.41107 39.47252, -0.411898 39.47158, -0.412233 39.47132, -0.412511 39.47117, -0.413558 39.47091, -0.414888 39.47025, -0.415656 39.46987, -0.416433 39.46963, -0.41726 39.46918, -0.414071 39.46947, -0.410504 39.46972, -0.410084 39.46975, -0.408478 39.46986, -0.406833 39.46987, -0.406239 39.46983)))",189,1314.2,119708.99470899471,53.0,5.69
Safranar,"MULTIPOLYGON (((-0.399758 39.45383, -0.399581 39.45358, -0.398315 39.45463, -0.39724 39.45544, -0.396935 39.45558, -0.396619 39.45573, -0.396312 39.45589, -0.395781 39.4561, -0.394766 39.45625, -0.393288 39.45633, -0.392411 39.45638, -0.3916 39.45643, -0.390566 39.45647, -0.390337 39.45647, -0.391786 39.45777, -0.393164 39.45901, -0.39424 39.45998, -0.395996 39.46161, -0.397338 39.46279, -0.398384 39.46182, -0.400611 39.45976, -0.401691 39.45875, -0.402162 39.45831, -0.402388 39.4581, -0.401619 39.45682, -0.400809 39.4555, -0.400151 39.45444, -0.399758 39.45383)))",330,1505.13,155057.57575757575,38.0,4.8
Tres Forques,"MULTIPOLYGON (((-0.395509 39.46796, -0.395994 39.46807, -0.397526 39.46836, -0.399551 39.46873, -0.399904 39.4688, -0.401179 39.46903, -0.402685 39.46932, -0.405035 39.46965, -0.405687 39.46979, -0.405844 39.46938, -0.406126 39.46849, -0.406208 39.46794, -0.406144 39.46735, -0.405921 39.46558, -0.405669 39.46356, -0.404955 39.46358, -0.403485 39.46364, -0.402048 39.46371, -0.400726 39.46377, -0.398743 39.46385, -0.397416 39.4639, -0.396021 39.46394, -0.395326 39.46458, -0.394452 39.46534, -0.395009 39.46672, -0.395352 39.46759, -0.395509 39.46796)))",584,1025.43,88803.08219178082,60.0,6.83
Benicalap,"MULTIPOLYGON (((-0.38513 39.48959, -0.38469 39.48968, -0.383424 39.48996, -0.382151 39.49024, -0.38225 39.4905, -0.382401 39.49092, -0.38252 39.49125, -0.382839 39.49215, -0.383227 39.49324, -0.386301 39.49255, -0.387898 39.49309, -0.388526 39.4933, -0.390499 39.49403, -0.39112 39.4943, -0.393912 39.49711, -0.39438 39.49686, -0.395716 39.49606, -0.396652 39.4955, -0.397013 39.49583, -0.397628 39.49544, -0.398232 39.49599, -0.399678 39.4952, -0.400023 39.49565, -0.402492 39.49463, -0.399558 39.49053, -0.398017 39.48837, -0.396162 39.48577, -0.395302 39.48459, -0.394865 39.48477, -0.393729 39.48526, -0.393421 39.48539, -0.392555 39.48576, -0.393054 39.48641, -0.393273 39.48669, -0.393479 39.48696, -0.392713 39.4873, -0.391614 39.48775, -0.390431 39.48824, -0.389523 39.48863, -0.38945 39.48864, -0.387006 39.48919, -0.385574 39.48951, -0.38513 39.48959)))",1582,1249.68,119201.64348925411,49.0,6.22
Camí de Vera,"MULTIPOLYGON (((-0.360267 39.48903, -0.360136 39.48901, -0.359015 39.48886, -0.359287 39.48747, -0.357583 39.48722, -0.35761 39.48707, -0.356955 39.48702, -0.356386 39.48699, -0.356265 39.48691, -0.356268 39.48684, -0.35642 39.48595, -0.355333 39.48585, -0.354605 39.48579, -0.354718 39.48517, -0.354845 39.48447, -0.354076 39.48439, -0.35425 39.48327, -0.354378 39.48244, -0.352283 39.48179, -0.352181 39.48175, -0.351917 39.48167, -0.351453 39.48153, -0.351408 39.48156, -0.35083 39.4819, -0.350587 39.48205, -0.350417 39.48215, -0.349296 39.48286, -0.346939 39.48436, -0.342962 39.48687, -0.342699 39.48703, -0.342245 39.48731, -0.344106 39.48769, -0.346694 39.48824, -0.34899 39.48875, -0.3495 39.48886, -0.350559 39.48909, -0.351752 39.48935, -0.353826 39.49105, -0.354754 39.49179, -0.355592 39.49248, -0.356512 39.49323, -0.357706 39.49419, -0.357905 39.49374, -0.358593 39.49247, -0.358761 39.49216, -0.358967 39.49164, -0.359096 39.4914, -0.359411 39.49073, -0.360267 39.48903)))",137,1947.84,237897.8102189781,42.0,4.64
L'Hort de Senabre,"MULTIPOLYGON (((-0.384488 39.4534, -0.384463 39.45353, -0.385435 39.45376, -0.385595 39.45379, -0.386466 39.45436, -0.387152 39.45481, -0.38726 39.45488, -0.38809 39.45527, -0.388862 39.45564, -0.389213 39.45583, -0.390353 39.45645, -0.390574 39.45611, -0.391316 39.455, -0.392365 39.45342, -0.393156 39.45222, -0.394082 39.45088, -0.394874 39.44976, -0.39554 39.44882, -0.396022 39.44809, -0.396059 39.44791, -0.395969 39.44757, -0.392297 39.44765, -0.389716 39.44773, -0.389639 39.44792, -0.389352 39.44929, -0.388914 39.45127, -0.388735 39.45218, -0.388534 39.45309, -0.38832 39.45305, -0.387546 39.45293, -0.384657 39.45253, -0.384488 39.4534)))",658,1233.12,119202.12765957447,50.0,5.95
La Creu Coberta,"MULTIPOLYGON (((-0.381121 39.45458, -0.381391 39.45463, -0.381693 39.45469, -0.382243 39.45478, -0.382892 39.45488, -0.383423 39.45497, -0.383897 39.45505, -0.384121 39.45509, -0.384228 39.45463, -0.384371 39.45396, -0.384463 39.45353, -0.384547 39.45309, -0.384657 39.45253, -0.384837 39.45255, -0.385749 39.45268, -0.386718 39.45282, -0.387527 39.45293, -0.388194 39.45303, -0.388534 39.45309, -0.388722 39.45224, -0.388803 39.45184, -0.388911 39.45129, -0.389126 39.45035, -0.389363 39.44924, -0.389572 39.44826, -0.389639 39.44792, -0.389716 39.44773, -0.388493 39.44776, -0.387488 39.44779, -0.387001 39.44781, -0.386693 39.44781, -0.385877 39.44781, -0.386087 39.44717, -0.385879 39.44713, -0.384914 39.44698, -0.383794 39.44676, -0.383689 39.44707, -0.383027 39.44906, -0.382662 39.45016, -0.382457 39.45077, -0.382214 39.45145, -0.381748 39.45276, -0.381121 39.45458)))",266,1099.0,103875.93984962406,55.0,6.41
La Raiosa,"MULTIPOLYGON (((-0.385878 39.46117, -0.386911 39.46266, -0.387285 39.46251, -0.387632 39.46235, -0.387978 39.46219, -0.38772 39.46181, -0.387495 39.46148, -0.387848 39.46105, -0.388383 39.4604, -0.388333 39.46015, -0.388229 39.45964, -0.388401 39.45939, -0.389008 39.45851, -0.389937 39.45708, -0.390353 39.45645, -0.389608 39.45605, -0.388859 39.45564, -0.387915 39.45519, -0.387392 39.45494, -0.387263 39.45488, -0.385595 39.45379, -0.385009 39.45366, -0.384463 39.45353, -0.38424 39.45457, -0.38412 39.45509, -0.383406 39.45496, -0.381684 39.45469, -0.381404 39.45463, -0.381121 39.45458, -0.380885 39.4553, -0.381069 39.45536, -0.381352 39.45544, -0.381974 39.45579, -0.382598 39.45662, -0.383551 39.45789, -0.383483 39.45809, -0.383168 39.45907, -0.382906 39.45986, -0.383035 39.45995, -0.383147 39.46004, -0.383437 39.45991, -0.384646 39.45936, -0.385878 39.46117)))",747,1332.33,143041.49933065596,51.0,5.54
Sant Marcellí,"MULTIPOLYGON (((-0.386087 39.44716, -0.385927 39.44766, -0.385877 39.44781, -0.386713 39.44781, -0.387234 39.4478, -0.388546 39.44776, -0.389716 39.44773, -0.391115 39.44769, -0.39232 39.44765, -0.392263 39.44741, -0.392506 39.44675, -0.392904 39.44573, -0.393409 39.44445, -0.39367 39.4437, -0.394325 39.44207, -0.393726 39.44187, -0.392867 39.4422, -0.392434 39.44226, -0.39176 39.44233, -0.390201 39.44235, -0.389426 39.44234, -0.388927 39.44238, -0.388424 39.44246, -0.388191 39.44256, -0.387952 39.44274, -0.387761 39.44302, -0.387605 39.44333, -0.386575 39.44588, -0.386115 39.4471, -0.386087 39.44716)))",377,1007.06,90291.77718832891,51.0,6.66
Beniferri,"MULTIPOLYGON (((-0.401746 39.4988, -0.404117 39.49966, -0.404977 39.4982, -0.404834 39.498, -0.406361 39.49729, -0.409395 39.49627, -0.408227 39.4947, -0.407899 39.49421, -0.407608 39.49378, -0.407349 39.4934, -0.406856 39.49273, -0.405424 39.49329, -0.404402 39.49373, -0.404169 39.49383, -0.403368 39.49419, -0.402492 39.49463, -0.401532 39.49502, -0.400603 39.49541, -0.400021 39.49565, -0.399678 39.4952, -0.398949 39.4956, -0.398232 39.49599, -0.398458 39.4962, -0.398813 39.49652, -0.399539 39.49715, -0.400341 39.49785, -0.401004 39.49844, -0.401165 39.49859, -0.40143 39.49883, -0.401521 39.49891, -0.401746 39.4988)))",17,2134.41,279882.35294117645,28.0,4.82
El Calvari,"MULTIPOLYGON (((-0.38721 39.48637, -0.387037 39.48645, -0.388157 39.48735, -0.389402 39.48851, -0.389523 39.48863, -0.390189 39.48834, -0.390517 39.4882, -0.391423 39.48783, -0.392352 39.48745, -0.392703 39.4873, -0.393479 39.48696, -0.393403 39.48686, -0.393105 39.48648, -0.392827 39.48611, -0.392555 39.48576, -0.391199 39.48634, -0.390482 39.48614, -0.390185 39.48574, -0.389836 39.48526, -0.38916 39.48552, -0.388867 39.48511, -0.38824 39.48538, -0.388245 39.48562, -0.388179 39.48603, -0.387981 39.48606, -0.38721 39.48637)))",210,1218.52,112580.95238095238,53.0,6.49
Campanar,"MULTIPOLYGON (((-0.397349 39.47625, -0.396877 39.47647, -0.395513 39.47707, -0.394806 39.47738, -0.393253 39.47806, -0.391515 39.47876, -0.391013 39.47896, -0.388801 39.47961, -0.386777 39.48052, -0.387005 39.48084, -0.388599 39.48309, -0.388813 39.48339, -0.388605 39.48361, -0.38799 39.48389, -0.388008 39.48391, -0.388867 39.48511, -0.38916 39.48552, -0.389836 39.48526, -0.390071 39.48558, -0.390197 39.48576, -0.390388 39.48601, -0.390482 39.48614, -0.391193 39.48633, -0.392104 39.48595, -0.394903 39.48475, -0.395302 39.48459, -0.395752 39.48521, -0.396162 39.48577, -0.396662 39.48556, -0.39766 39.48513, -0.398217 39.48489, -0.399464 39.48436, -0.400214 39.48403, -0.400561 39.48387, -0.401073 39.48359, -0.401636 39.48333, -0.401661 39.48332, -0.401173 39.48258, -0.401152 39.48255, -0.399774 39.48056, -0.398599 39.47888, -0.399333 39.47856, -0.399815 39.47842, -0.400032 39.47836, -0.399726 39.47731, -0.399203 39.47577, -0.39795 39.47604, -0.397349 39.47625)))",337,1690.02,205661.72106824926,44.0,4.85
Sant Pau,"MULTIPOLYGON (((-0.396162 39.48577, -0.397048 39.48701, -0.398979 39.48972, -0.40187 39.49375, -0.402492 39.49463, -0.403367 39.49419, -0.404181 39.49383, -0.405425 39.49329, -0.406856 39.49273, -0.407354 39.49341, -0.407874 39.49418, -0.40823 39.4947, -0.409395 39.49627, -0.413696 39.49596, -0.415591 39.49597, -0.41915 39.49602, -0.423645 39.49518, -0.425575 39.49423, -0.426185 39.49363, -0.424709 39.49125, -0.426002 39.48797, -0.422119 39.48601, -0.413033 39.48253, -0.41027 39.48143, -0.40732 39.48097, -0.406732 39.4819, -0.406554 39.48239, -0.404601 39.48324, -0.403986 39.48236, -0.402731 39.48291, -0.401636 39.48333, -0.401072 39.48359, -0.40056 39.48387, -0.400211 39.48403, -0.399525 39.48433, -0.397656 39.48514, -0.396162 39.48577)))",486,2363.2,297207.81893004116,26.0,4.06
Malilla,"MULTIPOLYGON (((-0.370803 39.44984, -0.370904 39.44999, -0.371072 39.45023, -0.371471 39.45077, -0.371636 39.45101, -0.372456 39.4522, -0.373453 39.45363, -0.375529 39.45658, -0.375661 39.45677, -0.375763 39.45692, -0.376454 39.45663, -0.377651 39.45612, -0.378488 39.45578, -0.379608 39.45533, -0.380881 39.45534, -0.380885 39.4553, -0.381052 39.45478, -0.381798 39.45262, -0.382501 39.45065, -0.383759 39.44687, -0.384208 39.4456, -0.384489 39.44481, -0.385203 39.44249, -0.38565 39.44105, -0.385857 39.44039, -0.387143 39.4362, -0.384876 39.43601, -0.382831 39.43575, -0.374693 39.43493, -0.372601 39.4347, -0.370413 39.43449, -0.36974 39.43966, -0.369527 39.44131, -0.368864 39.44616, -0.36909 39.44716, -0.369333 39.44768, -0.36954 39.44801, -0.370154 39.44893, -0.370803 39.44984)))",660,1557.79,162195.45454545456,44.0,5.78
Ciutat de les Arts i de les Ciencies,"MULTIPOLYGON (((-0.345131 39.45392, -0.346473 39.45452, -0.347295 39.45488, -0.348785 39.45553, -0.349472 39.45582, -0.349816 39.45598, -0.350663 39.4565, -0.351468 39.457, -0.354049 39.45856, -0.354094 39.45859, -0.355157 39.45899, -0.356754 39.4596, -0.357205 39.45937, -0.358183 39.45882, -0.358265 39.4583, -0.358321 39.45819, -0.359321 39.45698, -0.359665 39.45657, -0.360632 39.45543, -0.361371 39.45456, -0.361677 39.45421, -0.362234 39.45396, -0.362558 39.4535, -0.362982 39.45287, -0.364283 39.4513, -0.364772 39.45074, -0.365633 39.44975, -0.366944 39.44827, -0.367525 39.44799, -0.367969 39.4478, -0.367834 39.44757, -0.367287 39.44678, -0.36665 39.44708, -0.365419 39.44758, -0.360877 39.44947, -0.355103 39.45184, -0.353515 39.45249, -0.351736 39.45336, -0.347691 39.45213, -0.345704 39.45172, -0.342041 39.45104, -0.341618 39.45108, -0.341699 39.45393, -0.3419 39.45394, -0.345131 39.45392)))",342,2311.24,283672.51461988303,29.0,3.61
Na Rovella,"MULTIPOLYGON (((-0.358183 39.45882, -0.360177 39.45799, -0.361407 39.45743, -0.362015 39.45719, -0.36329 39.45665, -0.365443 39.45573, -0.366815 39.45515, -0.368897 39.45428, -0.36961 39.45398, -0.369968 39.45382, -0.371417 39.45322, -0.371501 39.45319, -0.37112 39.45242, -0.371636 39.45101, -0.37148 39.45078, -0.371023 39.45016, -0.370792 39.44982, -0.370302 39.44913, -0.370154 39.44893, -0.369443 39.44785, -0.368587 39.44821, -0.368337 39.44831, -0.367969 39.4478, -0.367513 39.448, -0.366945 39.44827, -0.366428 39.44885, -0.365609 39.44978, -0.364174 39.45143, -0.362979 39.45288, -0.362233 39.45396, -0.361676 39.45421, -0.361307 39.45463, -0.359352 39.45694, -0.358321 39.45819, -0.358265 39.45831, -0.358183 39.45882)))",337,1240.24,122014.83679525222,47.0,5.28
Fonteta de Sant Lluìs,"MULTIPOLYGON (((-0.369441 39.44785, -0.369332 39.44768, -0.369092 39.44717, -0.368955 39.44656, -0.368864 39.44616, -0.369149 39.44408, -0.369397 39.44227, -0.369546 39.44117, -0.366035 39.44085, -0.362192 39.44042, -0.361811 39.44162, -0.361746 39.44287, -0.361112 39.44364, -0.361282 39.44384, -0.361722 39.44413, -0.361828 39.44425, -0.362057 39.4445, -0.362376 39.44497, -0.362665 39.44511, -0.364539 39.4463, -0.364735 39.44642, -0.365861 39.44687, -0.366329 39.44706, -0.36665 39.44708, -0.367287 39.44678, -0.36783 39.44756, -0.367969 39.4478, -0.368073 39.44794, -0.368338 39.44831, -0.369441 39.44785)))",147,847.4,84387.75510204081,51.0,6.04
Playa de la Malvarrosa,"MULTIPOLYGON (((-0.323698 39.47462, -0.322559 39.47466, -0.322749 39.4759, -0.32289 39.47824, -0.32308 39.48012, -0.323197 39.48121, -0.323222 39.482, -0.323252 39.48291, -0.323314 39.48414, -0.324306 39.48417, -0.324013 39.48469, -0.327512 39.4845, -0.331325 39.48646, -0.331611 39.48514, -0.332072 39.48315, -0.332161 39.48277, -0.332198 39.48261, -0.332236 39.48241, -0.332557 39.48071, -0.332635 39.48028, -0.333267 39.47704, -0.333399 39.47637, -0.332294 39.47606, -0.331414 39.47582, -0.330457 39.47554, -0.329426 39.47521, -0.329037 39.47509, -0.327596 39.47472, -0.32603 39.4746, -0.325412 39.47453, -0.323698 39.47462)))",425,1426.78,128602.35294117648,56.0,6.66
Arrancapins,"MULTIPOLYGON (((-0.380885 39.4553, -0.380845 39.45577, -0.380726 39.45636, -0.380614 39.45682, -0.380237 39.45795, -0.379365 39.46043, -0.378445 39.46317, -0.378938 39.4632, -0.379607 39.46326, -0.380121 39.46348, -0.380579 39.46399, -0.381188 39.46495, -0.382579 39.46696, -0.384124 39.46917, -0.384907 39.47034, -0.385751 39.47143, -0.386091 39.47192, -0.386238 39.47178, -0.386415 39.47161, -0.387344 39.47085, -0.387922 39.47036, -0.388282 39.47006, -0.388445 39.46992, -0.388658 39.46966, -0.389711 39.46944, -0.390062 39.46937, -0.39116 39.46913, -0.391545 39.46905, -0.38669 39.46236, -0.385227 39.46022, -0.384646 39.45936, -0.383148 39.46004, -0.383055 39.45997, -0.382907 39.45986, -0.383139 39.45916, -0.383385 39.45839, -0.383551 39.45789, -0.382985 39.45713, -0.382253 39.45616, -0.381975 39.45579, -0.381353 39.45544, -0.38108 39.45536, -0.380885 39.4553)))",1266,1910.4,230566.35071090047,62.0,4.76
Camí Reial,"MULTIPOLYGON (((-0.387952 39.44274, -0.388191 39.44256, -0.388423 39.44246, -0.388938 39.44238, -0.389423 39.44234, -0.39026 39.44235, -0.391755 39.44233, -0.392498 39.44225, -0.392868 39.4422, -0.393726 39.44187, -0.394325 39.44207, -0.393715 39.44359, -0.393631 39.44381, -0.393421 39.44441, -0.392686 39.4463, -0.392431 39.44696, -0.392329 39.44723, -0.392263 39.44741, -0.392319 39.44765, -0.393231 39.44763, -0.394031 39.44762, -0.394749 39.44761, -0.39597 39.44757, -0.396061 39.4479, -0.39602 39.44809, -0.395576 39.44877, -0.394874 39.44977, -0.395344 39.45013, -0.396522 39.45105, -0.397011 39.45143, -0.39767 39.45194, -0.398194 39.45236, -0.398394 39.45252, -0.397385 39.45403, -0.398314 39.45463, -0.3996 39.45356, -0.401739 39.45178, -0.402655 39.45099, -0.40368 39.44994, -0.404112 39.44948, -0.405237 39.44828, -0.405598 39.44774, -0.406291 39.4467, -0.405446 39.44546, -0.401405 39.44196, -0.398078 39.43999, -0.396291 39.43893, -0.393882 39.43818, -0.389905 39.43701, -0.388039 39.43644, -0.387144 39.4362, -0.386535 39.4382, -0.386428 39.43851, -0.386182 39.43935, -0.386091 39.43964, -0.385606 39.44119, -0.385417 39.44181, -0.384759 39.44391, -0.384472 39.44486, -0.383795 39.44676, -0.384916 39.44699, -0.385478 39.44707, -0.386087 39.44717, -0.386141 39.44703, -0.386356 39.44646, -0.386571 39.44588, -0.386797 39.44533, -0.386958 39.44493, -0.387604 39.44333, -0.387758 39.44303, -0.387952 39.44274)))",305,1141.07,114078.68852459016,36.0,6.29
El Grau,"MULTIPOLYGON (((-0.330354 39.46287, -0.330498 39.46289, -0.331107 39.46291, -0.33174 39.46297, -0.332507 39.46306, -0.333114 39.46315, -0.333655 39.46321, -0.334846 39.46336, -0.335255 39.46341, -0.335797 39.4635, -0.336453 39.46362, -0.336641 39.46368, -0.337248 39.46292, -0.338056 39.46224, -0.338376 39.46198, -0.338667 39.46176, -0.33922 39.4614, -0.340077 39.46084, -0.340658 39.45853, -0.340842 39.45781, -0.341036 39.45707, -0.341397 39.45559, -0.341699 39.45393, -0.340953 39.45403, -0.339466 39.45422, -0.337974 39.45441, -0.337252 39.4545, -0.336229 39.45463, -0.334644 39.45484, -0.334305 39.45477, -0.33302 39.4546, -0.332496 39.45413, -0.331611 39.45334, -0.329998 39.45154, -0.328268 39.44941, -0.327989 39.44901, -0.327668 39.44845, -0.327597 39.44689, -0.327705 39.44628, -0.327771 39.44476, -0.32843 39.44454, -0.329139 39.44423, -0.33002 39.44362, -0.33203 39.44132, -0.33345 39.43968, -0.334395 39.43833, -0.33499 39.43808, -0.336441 39.43797, -0.336617 39.43565, -0.336419 39.43202, -0.336195 39.42761, -0.337398 39.42518, -0.328673 39.42362, -0.31562 39.41878, -0.29978 39.4247, -0.297109 39.43003, -0.299428 39.43554, -0.299926 39.44186, -0.300157 39.44451, -0.300524 39.44733, -0.300953 39.45102, -0.3039 39.45676, -0.305534 39.46021, -0.306847 39.46275, -0.322193 39.46303, -0.325517 39.46316, -0.326974 39.46316, -0.32794 39.46308, -0.328357 39.46302, -0.3296 39.46279, -0.330354 39.46287)))",388,1620.77,170180.412371134,49.0,5.72
La Carrasca,"MULTIPOLYGON (((-0.354578 39.47857, -0.352641 39.47793, -0.35152 39.47766, -0.351453 39.47777, -0.3513 39.47811, -0.35129 39.47823, -0.350595 39.47822, -0.349991 39.47822, -0.348455 39.47824, -0.348526 39.4773, -0.347351 39.47729, -0.346716 39.47729, -0.346449 39.47729, -0.346706 39.47668, -0.347196 39.47551, -0.345984 39.47512, -0.344476 39.47472, -0.343265 39.47441, -0.342387 39.47417, -0.341094 39.47381, -0.340023 39.47353, -0.340213 39.47312, -0.340717 39.47216, -0.339913 39.47191, -0.340134 39.47139, -0.338856 39.47101, -0.338277 39.47082, -0.337527 39.47231, -0.337421 39.47252, -0.337438 39.4729, -0.337016 39.47371, -0.336558 39.47464, -0.33612 39.47554, -0.335868 39.47609, -0.335556 39.47669, -0.333456 39.47607, -0.33328 39.47697, -0.333153 39.47763, -0.332986 39.47848, -0.332773 39.4796, -0.332652 39.48019, -0.332419 39.48145, -0.332201 39.4826, -0.33182 39.48423, -0.331602 39.48518, -0.331325 39.48646, -0.333953 39.48772, -0.336675 39.48608, -0.338855 39.48655, -0.34022 39.48686, -0.341128 39.48705, -0.341762 39.48719, -0.342246 39.48731, -0.342707 39.48703, -0.343529 39.48651, -0.344686 39.48578, -0.347247 39.48416, -0.349758 39.48257, -0.350585 39.48205, -0.351457 39.48153, -0.35195 39.48124, -0.352139 39.48112, -0.352703 39.48077, -0.352985 39.4805, -0.353275 39.4802, -0.353892 39.47961, -0.35413 39.47937, -0.354578 39.47857)))",74,1954.77,230891.8918918919,39.0,4.7
La Punta,"MULTIPOLYGON (((-0.369365 39.44115, -0.369546 39.44117, -0.369799 39.43921, -0.370412 39.43449, -0.365634 39.43462, -0.362314 39.43465, -0.353025 39.43167, -0.349199 39.43035, -0.343492 39.42834, -0.33711 39.42576, -0.336195 39.42762, -0.336232 39.42854, -0.336302 39.43004, -0.33641 39.43189, -0.336544 39.4342, -0.336618 39.43569, -0.336512 39.43711, -0.336445 39.43789, -0.33642 39.43834, -0.336228 39.44039, -0.336147 39.44109, -0.335982 39.44231, -0.335888 39.44323, -0.335756 39.44466, -0.335668 39.44549, -0.33558 39.44651, -0.335355 39.44835, -0.335634 39.4484, -0.335513 39.44938, -0.3354 39.45016, -0.335142 39.45189, -0.334901 39.4533, -0.334645 39.45484, -0.335899 39.45468, -0.339139 39.45427, -0.341698 39.45393, -0.341619 39.45108, -0.342043 39.45104, -0.345666 39.45172, -0.347691 39.45213, -0.349689 39.45273, -0.351733 39.45336, -0.353518 39.45249, -0.359895 39.44987, -0.362104 39.44896, -0.363937 39.4482, -0.36665 39.44708, -0.366329 39.44706, -0.364731 39.44642, -0.364522 39.44629, -0.362671 39.44511, -0.362376 39.44497, -0.362304 39.44486, -0.362058 39.4445, -0.361722 39.44413, -0.361282 39.44384, -0.361112 39.44364, -0.36145 39.44323, -0.361746 39.44287, -0.361811 39.44163, -0.362192 39.44042, -0.364341 39.44066, -0.366062 39.44085, -0.36867 39.44109, -0.369365 39.44115)))",154,1700.27,161584.41558441558,23.0,4.75
Sant Llorenç,"MULTIPOLYGON (((-0.369619 39.50047, -0.36973 39.5002, -0.369104 39.50005, -0.368325 39.49987, -0.368898 39.49853, -0.369214 39.49778, -0.36756 39.49728, -0.368182 39.49665, -0.366258 39.4952, -0.366546 39.49499, -0.366697 39.495, -0.36736 39.49553, -0.368653 39.49435, -0.368155 39.49401, -0.368024 39.49392, -0.367885 39.49382, -0.367242 39.49335, -0.368021 39.49276, -0.368559 39.49232, -0.369151 39.49184, -0.368488 39.49138, -0.368058 39.49105, -0.368908 39.49032, -0.369094 39.49015, -0.368282 39.48953, -0.36736 39.48883, -0.367149 39.48867, -0.366449 39.48907, -0.365959 39.48935, -0.365545 39.4896, -0.365388 39.48969, -0.365139 39.48949, -0.364742 39.48922, -0.365023 39.489, -0.3653 39.4888, -0.365448 39.48872, -0.365767 39.48854, -0.366107 39.48845, -0.365319 39.48786, -0.365083 39.48768, -0.364817 39.48748, -0.364152 39.48699, -0.363985 39.48686, -0.363405 39.48733, -0.362955 39.48769, -0.362804 39.48779, -0.363044 39.48798, -0.362529 39.48838, -0.362311 39.48859, -0.361538 39.48855, -0.360984 39.48853, -0.360505 39.48851, -0.36043 39.4887, -0.359409 39.49074, -0.359095 39.4914, -0.358966 39.49164, -0.358761 39.49216, -0.357904 39.49374, -0.357705 39.49419, -0.357364 39.495, -0.355721 39.49707, -0.356733 39.49748, -0.357051 39.49776, -0.356891 39.49797, -0.355661 39.49889, -0.354828 39.5, -0.35605 39.50064, -0.356633 39.50105, -0.356175 39.50172, -0.3599 39.5034, -0.360908 39.50202, -0.363557 39.50332, -0.364638 39.50379, -0.365795 39.50429, -0.366148 39.50382, -0.36688 39.50411, -0.367043 39.50386, -0.367343 39.50341, -0.367701 39.50332, -0.368249 39.50183, -0.368584 39.50185, -0.369284 39.50109, -0.369619 39.50047)))",370,2081.52,236543.24324324325,31.0,4.13
El Mercat,"MULTIPOLYGON (((-0.379653 39.47198, -0.379214 39.47187, -0.378894 39.47162, -0.378465 39.47142, -0.377794 39.47096, -0.376512 39.47263, -0.376351 39.47284, -0.375627 39.47379, -0.376661 39.4739, -0.376711 39.47391, -0.376723 39.47399, -0.376819 39.47421, -0.377047 39.47438, -0.376876 39.4753, -0.376867 39.47536, -0.377667 39.47537, -0.377715 39.47556, -0.378114 39.47566, -0.378282 39.47569, -0.378461 39.47566, -0.378606 39.47563, -0.378781 39.4756, -0.379124 39.47561, -0.379284 39.4756, -0.379298 39.47563, -0.379189 39.47594, -0.37915 39.47622, -0.379156 39.47655, -0.379171 39.47655, -0.379347 39.47652, -0.379807 39.47643, -0.38035 39.47631, -0.381101 39.47622, -0.381095 39.47613, -0.381067 39.47579, -0.381055 39.47565, -0.381038 39.47541, -0.380799 39.47537, -0.380947 39.47512, -0.381216 39.47466, -0.381279 39.47443, -0.381222 39.47407, -0.381191 39.47373, -0.381123 39.4736, -0.381035 39.47345, -0.380398 39.47322, -0.380713 39.47284, -0.380892 39.47258, -0.381016 39.47243, -0.380953 39.47228, -0.380215 39.47235, -0.37975 39.47241, -0.379736 39.47199, -0.379653 39.47198)))",419,2334.38,282338.9021479714,70.0,4.42
La Xerea,"MULTIPOLYGON (((-0.374243 39.47354, -0.374268 39.47315, -0.374382 39.47289, -0.374446 39.47274, -0.374715 39.47284, -0.37484 39.47288, -0.375238 39.47301, -0.375324 39.47287, -0.375388 39.47278, -0.37552 39.47258, -0.37556 39.47228, -0.375561 39.4721, -0.375309 39.47136, -0.374648 39.47186, -0.374386 39.47194, -0.374229 39.4719, -0.373767 39.47186, -0.372507 39.47151, -0.371833 39.47147, -0.371622 39.47235, -0.370897 39.47224, -0.370744 39.47283, -0.370151 39.47269, -0.369941 39.47228, -0.36914 39.472, -0.368964 39.47184, -0.368284 39.47186, -0.368049 39.47203, -0.367995 39.47225, -0.366841 39.47273, -0.365207 39.47347, -0.366431 39.47499, -0.367281 39.47606, -0.368125 39.4771, -0.368802 39.47754, -0.369426 39.4779, -0.369664 39.47804, -0.369925 39.47819, -0.37025 39.47839, -0.370406 39.47848, -0.370877 39.47771, -0.371249 39.4771, -0.371627 39.47675, -0.372922 39.47694, -0.372963 39.47682, -0.373124 39.47663, -0.373237 39.47628, -0.373443 39.47631, -0.37346 39.47589, -0.373573 39.47549, -0.373674 39.47536, -0.373813 39.47539, -0.37414 39.47485, -0.374193 39.47473, -0.374243 39.47452, -0.374271 39.47446, -0.374382 39.47435, -0.374553 39.47401, -0.374202 39.47391, -0.374186 39.47354, -0.374243 39.47354)))",355,3087.65,503628.1690140845,63.0,3.43
